No.,시설물 명칭,시설물 일련번호,공사명,공사 대상 부재(또는 시설물),설계 예상시작일(yyyymmdd),설계 예상종료일(yyyymmdd),공사 예상 시작일(yyyymmdd),공사 예상종료일(yyyymmdd),공사금액(백만원),"첨부자료(설계도면, 설계내역서, 공정표 등)",비고
1,7145 뚝섬유원지역,BA060000228,조류유입 방지시설 설치공사,"고가 기둥(P1, P8, P19)주변 개구부",,,20200102,20201231,47300000,,
2,2-091 신설동역,BA060000054,화장실 확충,화장실 및 장애인 화장실,,,20200102,20201231,556600000,,
3,2-094 신답역,BA060000055,화장실 확충,화장실 및 장애인 화장실,,,20200102,20201231,556600000,,
4,2-095 용답역,BA060000056,화장실 확충,화장실 및 장애인 화장실,,,20200102,20201231,556600000,,
5,3-015 무악재역,BA060000067,화장실 확충,화장실 및 장애인 화장실,,,20200102,20201231,556600000,,
6,3-059 대청역,BA060000088,화장실 확충,화장실 및 장애인 화장실,,,20200102,20201231,556600000,,
7,4-11 노원역,BA060000096,승강장 지붕 개량(채광판 등),승강장 지붕,,,20200102,20201231,1939000000,,
8,1-002 서울역,BA060000001,방향유도표지판 조명화 및 안내표지판 체계 개선,방향유도사인 및 각종 안내표지판,,,20200102,20241231,27690000,,
9,1-004 시청역,BA060000002,방향유도표지판 조명화 및 안내표지판 체계 개선,방향유도사인 및 각종 안내표지판,,,20200102,20241231,27690000,,
10,1-006 종각역,BA060000003,방향유도표지판 조명화 및 안내표지판 체계 개선,방향유도사인 및 각종 안내표지판,,,20200102,20241231,27590000,,
11,1-008 종로3가역,BA060000004,방향유도표지판 조명화 및 안내표지판 체계 개선,방향유도사인 및 각종 안내표지판,,,20200102,20241231,27590000,,
12,1-010 종로5가역,BA060000005,방향유도표지판 조명화 및 안내표지판 체계 개선,방향유도사인 및 각종 안내표지판,,,20200102,20241231,27590000,,
13,1-012 동대문역,BA060000006,방향유도표지판 조명화 및 안내표지판 체계 개선,방향유도사인 및 각종 안내표지판,,,20200102,20241231,27590000,,
14,1-014 신설동역,BA060000007,방향유도표지판 조명화 및 안내표지판 체계 개선,방향유도사인 및 각종 안내표지판,,,20200102,20241231,27590000,,
15,1-016 제기동역,BA060000008,방향유도표지판 조명화 및 안내표지판 체계 개선,방향유도사인 및 각종 안내표지판,,,20200102,20241231,27590000,,
16,1-018 청량리역,BA060000009,방향유도표지판 조명화 및 안내표지판 체계 개선,방향유도사인 및 각종 안내표지판,,,20200102,20241231,27590000,,
17,1-020 동묘앞역,BA060000010,방향유도표지판 조명화 및 안내표지판 체계 개선,방향유도사인 및 각종 안내표지판,,,20200102,20241231,27590000,,
18,2-001 시청역(2),BA060000011,방향유도표지판 조명화 및 안내표지판 체계 개선,방향유도사인 및 각종 안내표지판,,,20200102,20241231,27590000,,
19,2-003 을지로입구역,BA060000012,방향유도표지판 조명화 및 안내표지판 체계 개선,방향유도사인 및 각종 안내표지판,,,20200102,20241231,27590000,,
20,2-005 을지로3가역,BA060000013,방향유도표지판 조명화 및 안내표지판 체계 개선,방향유도사인 및 각종 안내표지판,,,20200102,20241231,27590000,,
21,2-007 을지로4가역,BA060000014,방향유도표지판 조명화 및 안내표지판 체계 개선,방향유도사인 및 각종 안내표지판,,,20200102,20241231,27590000,,
22,2-009 동대문역사문화공원역,BA060000015,방향유도표지판 조명화 및 안내표지판 체계 개선,방향유도사인 및 각종 안내표지판,,,20200102,20241231,27590000,,
23,2-011 신당역,BA060000016,방향유도표지판 조명화 및 안내표지판 체계 개선,방향유도사인 및 각종 안내표지판,,,20200102,20241231,27590000,,
24,2-013 상왕십리역,BA060000017,방향유도표지판 조명화 및 안내표지판 체계 개선,방향유도사인 및 각종 안내표지판,,,20200102,20241231,27590000,,
25,2-015 왕십리역,BA060000018,방향유도표지판 조명화 및 안내표지판 체계 개선,방향유도사인 및 각종 안내표지판,,,20200102,20241231,27590000,,
26,2-017 한양대역,BA060000019,방향유도표지판 조명화 및 안내표지판 체계 개선,방향유도사인 및 각종 안내표지판,,,20200102,20241231,27590000,,
27,2-019 뚝섬역,BA060000020,방향유도표지판 조명화 및 안내표지판 체계 개선,방향유도사인 및 각종 안내표지판,,,20200102,20241231,27590000,,
28,2-021 성수역,BA060000021,방향유도표지판 조명화 및 안내표지판 체계 개선,방향유도사인 및 각종 안내표지판,,,20200102,20241231,27590000,,
29,2-023 건대입구역,BA060000022,방향유도표지판 조명화 및 안내표지판 체계 개선,방향유도사인 및 각종 안내표지판,,,20200102,20241231,27590000,,
30,2-025 구의역,BA060000023,방향유도표지판 조명화 및 안내표지판 체계 개선,방향유도사인 및 각종 안내표지판,,,20200102,20241231,27590000,,
31,2-027 강변역,BA060000024,방향유도표지판 조명화 및 안내표지판 체계 개선,방향유도사인 및 각종 안내표지판,,,20200102,20241231,27590000,,
32,2-030 잠실나루역,BA060000025,방향유도표지판 조명화 및 안내표지판 체계 개선,방향유도사인 및 각종 안내표지판,,,20200102,20241231,27590000,,
33,2-032 잠실역,BA060000026,방향유도표지판 조명화 및 안내표지판 체계 개선,방향유도사인 및 각종 안내표지판,,,20200102,20241231,27590000,,
34,2-034 잠실새내역(신천역),BA060000027,방향유도표지판 조명화 및 안내표지판 체계 개선,방향유도사인 및 각종 안내표지판,,,20200102,20241231,27590000,,
35,2-036 종합운동장역,BA060000028,방향유도표지판 조명화 및 안내표지판 체계 개선,방향유도사인 및 각종 안내표지판,,,20200102,20241231,27590000,,
36,2-038 삼성역,BA060000029,방향유도표지판 조명화 및 안내표지판 체계 개선,방향유도사인 및 각종 안내표지판,,,20200102,20241231,27590000,,
37,2-040 선릉역,BA060000030,방향유도표지판 조명화 및 안내표지판 체계 개선,방향유도사인 및 각종 안내표지판,,,20200102,20241231,27590000,,
38,2-042 역삼역,BA060000031,방향유도표지판 조명화 및 안내표지판 체계 개선,방향유도사인 및 각종 안내표지판,,,20200102,20241231,27590000,,
39,2-044 강남역,BA060000032,방향유도표지판 조명화 및 안내표지판 체계 개선,방향유도사인 및 각종 안내표지판,,,20200102,20241231,27590000,,
40,2-046 교대역,BA060000033,방향유도표지판 조명화 및 안내표지판 체계 개선,방향유도사인 및 각종 안내표지판,,,20200102,20241231,27590000,,
41,2-048 서초역,BA060000034,방향유도표지판 조명화 및 안내표지판 체계 개선,방향유도사인 및 각종 안내표지판,,,20200102,20241231,27590000,,
42,2-050 방배역,BA060000035,방향유도표지판 조명화 및 안내표지판 체계 개선,방향유도사인 및 각종 안내표지판,,,20200102,20241231,27590000,,
43,2-052 사당역,BA060000036,방향유도표지판 조명화 및 안내표지판 체계 개선,방향유도사인 및 각종 안내표지판,,,20200102,20241231,27590000,,
44,2-054 낙성대역,BA060000037,방향유도표지판 조명화 및 안내표지판 체계 개선,방향유도사인 및 각종 안내표지판,,,20200102,20241231,27590000,,
45,2-056 서울대입구역,BA060000038,방향유도표지판 조명화 및 안내표지판 체계 개선,방향유도사인 및 각종 안내표지판,,,20200102,20241231,27590000,,
46,2-058 봉천역,BA060000039,방향유도표지판 조명화 및 안내표지판 체계 개선,방향유도사인 및 각종 안내표지판,,,20200102,20241231,27590000,,
47,2-060 신림역,BA060000040,방향유도표지판 조명화 및 안내표지판 체계 개선,방향유도사인 및 각종 안내표지판,,,20200102,20241231,27590000,,
48,2-062 신대방역,BA060000041,방향유도표지판 조명화 및 안내표지판 체계 개선,방향유도사인 및 각종 안내표지판,,,20200102,20241231,27590000,,
49,2-064 구로디지털단지역,BA060000042,방향유도표지판 조명화 및 안내표지판 체계 개선,방향유도사인 및 각종 안내표지판,,,20200102,20241231,27590000,,
50,2-067 대림역,BA060000043,방향유도표지판 조명화 및 안내표지판 체계 개선,방향유도사인 및 각종 안내표지판,,,20200102,20241231,27590000,,
51,2-069 신도림역(2),BA060000044,방향유도표지판 조명화 및 안내표지판 체계 개선,방향유도사인 및 각종 안내표지판,,,20200102,20241231,27590000,,
52,2-071 문래역,BA060000045,방향유도표지판 조명화 및 안내표지판 체계 개선,방향유도사인 및 각종 안내표지판,,,20200102,20241231,27590000,,
53,2-073 영등포구청역,BA060000046,방향유도표지판 조명화 및 안내표지판 체계 개선,방향유도사인 및 각종 안내표지판,,,20200102,20241231,27590000,,
54,2-075 당산역,BA060000047,방향유도표지판 조명화 및 안내표지판 체계 개선,방향유도사인 및 각종 안내표지판,,,20200102,20241231,27590000,,
55,2-078 합정역,BA060000048,방향유도표지판 조명화 및 안내표지판 체계 개선,방향유도사인 및 각종 안내표지판,,,20200102,20241231,27590000,,
56,2-080 홍대입구역,BA060000049,방향유도표지판 조명화 및 안내표지판 체계 개선,방향유도사인 및 각종 안내표지판,,,20200102,20241231,27590000,,
57,2-082 신촌역,BA060000050,방향유도표지판 조명화 및 안내표지판 체계 개선,방향유도사인 및 각종 안내표지판,,,20200102,20241231,27590000,,
58,2-084 이대역,BA060000051,방향유도표지판 조명화 및 안내표지판 체계 개선,방향유도사인 및 각종 안내표지판,,,20200102,20241231,27590000,,
59,2-086 아현역,BA060000052,방향유도표지판 조명화 및 안내표지판 체계 개선,방향유도사인 및 각종 안내표지판,,,20200102,20241231,27590000,,
60,2-088 충정로역,BA060000053,방향유도표지판 조명화 및 안내표지판 체계 개선,방향유도사인 및 각종 안내표지판,,,20200102,20241231,27590000,,
61,2-091 신설동역(2),BA060000054,방향유도표지판 조명화 및 안내표지판 체계 개선,방향유도사인 및 각종 안내표지판,,,20200102,20241231,27590000,,
62,2-094 신답역,BA060000055,방향유도표지판 조명화 및 안내표지판 체계 개선,방향유도사인 및 각종 안내표지판,,,20200102,20241231,27590000,,
63,2-095 용답역,BA060000056,방향유도표지판 조명화 및 안내표지판 체계 개선,방향유도사인 및 각종 안내표지판,,,20200102,20241231,27590000,,
64,2-099 도림천역,BA060000057,방향유도표지판 조명화 및 안내표지판 체계 개선,방향유도사인 및 각종 안내표지판,,,20200102,20241231,27590000,,
65,2-102 양천구청역,BA060000058,방향유도표지판 조명화 및 안내표지판 체계 개선,방향유도사인 및 각종 안내표지판,,,20200102,20241231,27590000,,
66,2-104 신정네거리역,BA060000059,방향유도표지판 조명화 및 안내표지판 체계 개선,방향유도사인 및 각종 안내표지판,,,20200102,20241231,27590000,,
67,2-106 용두역,BA060000060,방향유도표지판 조명화 및 안내표지판 체계 개선,방향유도사인 및 각종 안내표지판,,,20200102,20241231,27590000,,
68,3-003 지축역,BA060000061,방향유도표지판 조명화 및 안내표지판 체계 개선,방향유도사인 및 각종 안내표지판,,,20200102,20241231,27590000,,
69,3-005 구파발역,BA060000062,방향유도표지판 조명화 및 안내표지판 체계 개선,방향유도사인 및 각종 안내표지판,,,20200102,20241231,27590000,,
70,3-007 연신내역,BA060000063,방향유도표지판 조명화 및 안내표지판 체계 개선,방향유도사인 및 각종 안내표지판,,,20200102,20241231,27590000,,
71,3-009 불광역,BA060000064,방향유도표지판 조명화 및 안내표지판 체계 개선,방향유도사인 및 각종 안내표지판,,,20200102,20241231,27590000,,
72,3-011 녹번역,BA060000065,방향유도표지판 조명화 및 안내표지판 체계 개선,방향유도사인 및 각종 안내표지판,,,20200102,20241231,27590000,,
73,3-013 홍제역,BA060000066,방향유도표지판 조명화 및 안내표지판 체계 개선,방향유도사인 및 각종 안내표지판,,,20200102,20241231,27590000,,
74,3-015 무악재역,BA060000067,방향유도표지판 조명화 및 안내표지판 체계 개선,방향유도사인 및 각종 안내표지판,,,20200102,20241231,27590000,,
75,3-017 독립문역,BA060000068,방향유도표지판 조명화 및 안내표지판 체계 개선,방향유도사인 및 각종 안내표지판,,,20200102,20241231,27590000,,
76,3-019 경복궁역,BA060000069,방향유도표지판 조명화 및 안내표지판 체계 개선,방향유도사인 및 각종 안내표지판,,,20200102,20241231,27590000,,
77,3-021 안국역,BA060000070,방향유도표지판 조명화 및 안내표지판 체계 개선,방향유도사인 및 각종 안내표지판,,,20200102,20241231,27590000,,
78,3-023 종로3가역(3),BA060000071,방향유도표지판 조명화 및 안내표지판 체계 개선,방향유도사인 및 각종 안내표지판,,,20200102,20241231,27590000,,
79,3-025 을지로3가역(3),BA060000072,방향유도표지판 조명화 및 안내표지판 체계 개선,방향유도사인 및 각종 안내표지판,,,20200102,20241231,27590000,,
80,3-029 동대입구역,BA060000073,방향유도표지판 조명화 및 안내표지판 체계 개선,방향유도사인 및 각종 안내표지판,,,20200102,20241231,27590000,,
81,3-031 약수역,BA060000074,방향유도표지판 조명화 및 안내표지판 체계 개선,방향유도사인 및 각종 안내표지판,,,20200102,20241231,27590000,,
82,3-033 금호역,BA060000075,방향유도표지판 조명화 및 안내표지판 체계 개선,방향유도사인 및 각종 안내표지판,,,20200102,20241231,27590000,,
83,3-035 옥수역,BA060000076,방향유도표지판 조명화 및 안내표지판 체계 개선,방향유도사인 및 각종 안내표지판,,,20200102,20241231,27590000,,
84,3-037 압구정역,BA060000077,방향유도표지판 조명화 및 안내표지판 체계 개선,방향유도사인 및 각종 안내표지판,,,20200102,20241231,27590000,,
85,3-039 신사역,BA060000078,방향유도표지판 조명화 및 안내표지판 체계 개선,방향유도사인 및 각종 안내표지판,,,20200102,20241231,27590000,,
86,3-041 잠원역,BA060000079,방향유도표지판 조명화 및 안내표지판 체계 개선,방향유도사인 및 각종 안내표지판,,,20200102,20241231,27590000,,
87,3-043 고속터미널역,BA060000080,방향유도표지판 조명화 및 안내표지판 체계 개선,방향유도사인 및 각종 안내표지판,,,20200102,20241231,27590000,,
88,3-045 교대역(3),BA060000081,방향유도표지판 조명화 및 안내표지판 체계 개선,방향유도사인 및 각종 안내표지판,,,20200102,20241231,27590000,,
89,3-047 남부터미널역,BA060000082,방향유도표지판 조명화 및 안내표지판 체계 개선,방향유도사인 및 각종 안내표지판,,,20200102,20241231,27590000,,
90,3-049 양재역,BA060000083,방향유도표지판 조명화 및 안내표지판 체계 개선,방향유도사인 및 각종 안내표지판,,,20200102,20241231,27590000,,
91,3-051 매봉역,BA060000084,방향유도표지판 조명화 및 안내표지판 체계 개선,방향유도사인 및 각종 안내표지판,,,20200102,20241231,27590000,,
92,3-053 도곡역,BA060000085,방향유도표지판 조명화 및 안내표지판 체계 개선,방향유도사인 및 각종 안내표지판,,,20200102,20241231,27590000,,
93,3-055 대치역,BA060000086,방향유도표지판 조명화 및 안내표지판 체계 개선,방향유도사인 및 각종 안내표지판,,,20200102,20241231,27590000,,
94,3-057 학여울역,BA060000087,방향유도표지판 조명화 및 안내표지판 체계 개선,방향유도사인 및 각종 안내표지판,,,20200102,20241231,27590000,,
95,3-059 대청역,BA060000088,방향유도표지판 조명화 및 안내표지판 체계 개선,방향유도사인 및 각종 안내표지판,,,20200102,20241231,27590000,,
96,3-061 일원역,BA060000089,방향유도표지판 조명화 및 안내표지판 체계 개선,방향유도사인 및 각종 안내표지판,,,20200102,20241231,27590000,,
97,3-063 수서역,BA060000090,방향유도표지판 조명화 및 안내표지판 체계 개선,방향유도사인 및 각종 안내표지판,,,20200102,20241231,27590000,,
98,3-066 가락시장역,BA060000091,방향유도표지판 조명화 및 안내표지판 체계 개선,방향유도사인 및 각종 안내표지판,,,20200102,20241231,27590000,,
99,3-068 경찰병원역,BA060000092,방향유도표지판 조명화 및 안내표지판 체계 개선,방향유도사인 및 각종 안내표지판,,,20200102,20241231,27590000,,
100,3-070 오금역,BA060000093,방향유도표지판 조명화 및 안내표지판 체계 개선,방향유도사인 및 각종 안내표지판,,,20200102,20241231,27590000,,
101,4-002 당고개역,BA060000094,방향유도표지판 조명화 및 안내표지판 체계 개선,방향유도사인 및 각종 안내표지판,,,20200102,20241231,27590000,,
102,4-004 상계역,BA060000095,방향유도표지판 조명화 및 안내표지판 체계 개선,방향유도사인 및 각종 안내표지판,,,20200102,20241231,27590000,,
103,4-006 노원역,BA060000096,방향유도표지판 조명화 및 안내표지판 체계 개선,방향유도사인 및 각종 안내표지판,,,20200102,20241231,27590000,,
104,4-008 창동역,BA060000098,방향유도표지판 조명화 및 안내표지판 체계 개선,방향유도사인 및 각종 안내표지판,,,20200102,20241231,27590000,,
105,4-012 쌍문역,BA060000097,방향유도표지판 조명화 및 안내표지판 체계 개선,방향유도사인 및 각종 안내표지판,,,20200102,20241231,27590000,,
106,4-014 수유역,BA060000099,방향유도표지판 조명화 및 안내표지판 체계 개선,방향유도사인 및 각종 안내표지판,,,20200102,20241231,27590000,,
107,4-016 미아역,BA060000100,방향유도표지판 조명화 및 안내표지판 체계 개선,방향유도사인 및 각종 안내표지판,,,20200102,20241231,27590000,,
108,4-018 미아사거리역,BA060000101,방향유도표지판 조명화 및 안내표지판 체계 개선,방향유도사인 및 각종 안내표지판,,,20200102,20241231,27590000,,
109,4-020 길음역,BA060000102,방향유도표지판 조명화 및 안내표지판 체계 개선,방향유도사인 및 각종 안내표지판,,,20200102,20241231,27590000,,
110,4-022 성신여대입구역,BA060000103,방향유도표지판 조명화 및 안내표지판 체계 개선,방향유도사인 및 각종 안내표지판,,,20200102,20241231,27590000,,
111,4-024 한성대입구역,BA060000104,방향유도표지판 조명화 및 안내표지판 체계 개선,방향유도사인 및 각종 안내표지판,,,20200102,20241231,27590000,,
112,4-026 혜화역,BA060000105,방향유도표지판 조명화 및 안내표지판 체계 개선,방향유도사인 및 각종 안내표지판,,,20200102,20241231,27590000,,
113,4-028 동대문역(4),BA060000106,방향유도표지판 조명화 및 안내표지판 체계 개선,방향유도사인 및 각종 안내표지판,,,20200102,20241231,27590000,,
114,4-030 동대문역사문화공원역(4),BA060000107,방향유도표지판 조명화 및 안내표지판 체계 개선,방향유도사인 및 각종 안내표지판,,,20200102,20241231,27590000,,
115,4-032 충무로역,BA060000108,방향유도표지판 조명화 및 안내표지판 체계 개선,방향유도사인 및 각종 안내표지판,,,20200102,20241231,27590000,,
116,4-034 명동역,BA060000109,방향유도표지판 조명화 및 안내표지판 체계 개선,방향유도사인 및 각종 안내표지판,,,20200102,20241231,27590000,,
117,4-036 회현역,BA060000110,방향유도표지판 조명화 및 안내표지판 체계 개선,방향유도사인 및 각종 안내표지판,,,20200102,20241231,27590000,,
118,4-038 서울역(4),BA060000111,방향유도표지판 조명화 및 안내표지판 체계 개선,방향유도사인 및 각종 안내표지판,,,20200102,20241231,27590000,,
119,4-040 숙대입구역,BA060000112,방향유도표지판 조명화 및 안내표지판 체계 개선,방향유도사인 및 각종 안내표지판,,,20200102,20241231,27590000,,
120,4-042 삼각지역,BA060000113,방향유도표지판 조명화 및 안내표지판 체계 개선,방향유도사인 및 각종 안내표지판,,,20200102,20241231,27590000,,
121,4-044 신용산역,BA060000114,방향유도표지판 조명화 및 안내표지판 체계 개선,방향유도사인 및 각종 안내표지판,,,20200102,20241231,27590000,,
122,4-046 이촌역,BA060000115,방향유도표지판 조명화 및 안내표지판 체계 개선,방향유도사인 및 각종 안내표지판,,,20200102,20241231,27590000,,
123,4-048 동작역,BA060000116,방향유도표지판 조명화 및 안내표지판 체계 개선,방향유도사인 및 각종 안내표지판,,,20200102,20241231,27590000,,
124,4-051 총신대입구역,BA060000117,방향유도표지판 조명화 및 안내표지판 체계 개선,방향유도사인 및 각종 안내표지판,,,20200102,20241231,27590000,,
125,4-053 사당역(4),BA060000118,방향유도표지판 조명화 및 안내표지판 체계 개선,방향유도사인 및 각종 안내표지판,,,20200102,20241231,27590000,,
126,4-055 남태령역,BA060000119,방향유도표지판 조명화 및 안내표지판 체계 개선,방향유도사인 및 각종 안내표지판,,,20200102,20241231,27590000,,
127,2-001 시청역(2),BA060000011,공기질 개선(석면),마감재,,,20200102,20211231,12965000000,,
128,2-001 시청역(2),BA060000011,승강장안전선 타일개선,승강장 안전선 타일,,,20200102,20241231,193280000,,
129,2-003 을지로입구역,BA060000012,승강장안전선 타일개선,승강장 안전선 타일,,,20200102,20241231,193280000,,
130,2-007 을지로4가역,BA060000014,승강장안전선 타일개선,승강장 안전선 타일,,,20200102,20241231,193280000,,
131,2-009 동대문역사문화공원역,BA060000015,승강장안전선 타일개선,승강장 안전선 타일,,,20200102,20241231,193280000,,
132,2-011 신당역,BA060000016,승강장안전선 타일개선,승강장 안전선 타일,,,20200102,20241231,193280000,,
133,2-017 한양대역,BA060000019,승강장안전선 타일개선,승강장 안전선 타일,,,20200102,20241231,193280000,,
134,2-019 뚝섬역,BA060000020,승강장안전선 타일개선,승강장 안전선 타일,,,20200102,20241231,193280000,,
135,2-021 성수역,BA060000021,승강장안전선 타일개선,승강장 안전선 타일,,,20200102,20241231,193280000,,
136,2-023 건대입구역,BA060000022,승강장안전선 타일개선,승강장 안전선 타일,,,20200102,20241231,193280000,,
137,2-025 구의역,BA060000023,승강장안전선 타일개선,승강장 안전선 타일,,,20200102,20241231,193280000,,
138,2-027 강변역,BA060000024,승강장안전선 타일개선,승강장 안전선 타일,,,20200102,20241231,193280000,,
139,2-030 잠실나루역,BA060000025,승강장안전선 타일개선,승강장 안전선 타일,,,20200102,20241231,193280000,,
140,2-032 잠실역,BA060000026,승강장안전선 타일개선,승강장 안전선 타일,,,20200102,20241231,193280000,,
141,2-034 잠실새내역(신천역),BA060000027,승강장안전선 타일개선,승강장 안전선 타일,,,20200102,20241231,193280000,,
142,2-038 삼성역,BA060000029,승강장안전선 타일개선,승강장 안전선 타일,,,20200102,20241231,193280000,,
143,2-040 선릉역,BA060000030,승강장안전선 타일개선,승강장 안전선 타일,,,20200102,20241231,193280000,,
144,2-042 역삼역,BA060000031,승강장안전선 타일개선,승강장 안전선 타일,,,20200102,20241231,193280000,,
145,2-044 강남역,BA060000032,승강장안전선 타일개선,승강장 안전선 타일,,,20200102,20241231,193280000,,
146,2-046 교대역,BA060000033,승강장안전선 타일개선,승강장 안전선 타일,,,20200102,20241231,193280000,,
147,2-052 사당역,BA060000036,승강장안전선 타일개선,승강장 안전선 타일,,,20200102,20241231,193280000,,
148,2-067 대림역,BA060000043,승강장안전선 타일개선,승강장 안전선 타일,,,20200102,20241231,193280000,,
149,2-073 영등포구청역,BA060000046,승강장안전선 타일개선,승강장 안전선 타일,,,20200102,20241231,193280000,,
150,2-075 당산역,BA060000047,승강장안전선 타일개선,승강장 안전선 타일,,,20200102,20241231,193280000,,
151,2-078 합정역,BA060000048,승강장안전선 타일개선,승강장 안전선 타일,,,20200102,20241231,193280000,,
152,2-080 홍대입구역,BA060000049,승강장안전선 타일개선,승강장 안전선 타일,,,20200102,20241231,193280000,,
153,2-084 이대역,BA060000051,승강장안전선 타일개선,승강장 안전선 타일,,,20200102,20241231,193280000,,
154,2-091 신설동역(2),BA060000054,승강장안전선 타일개선,승강장 안전선 타일,,,20200102,20241231,193280000,,
155,2-095 용답역,BA060000056,승강장안전선 타일개선,승강장 안전선 타일,,,20200102,20241231,193280000,,
156,2-086 아현역,BA060000052,승강장안전선 타일개선,승강장 안전선 타일,,,20200102,20241231,193280000,,
157,2-088 충정로역,BA060000053,승강장안전선 타일개선,승강장 안전선 타일,,,20200102,20241231,193280000,,
158,2-094 신답역,BA060000055,승강장안전선 타일개선,승강장 안전선 타일,,,20200102,20241231,193280000,,
159,2-069 신도림역(2),BA060000044,승강장안전선 타일개선,승강장 안전선 타일,,,20200102,20241231,193280000,,
160,3-009 불광역,BA060000064,승강장안전선 타일개선,승강장 안전선 타일,,,20200102,20241231,193280000,,
161,3-011 녹번역,BA060000065,승강장안전선 타일개선,승강장 안전선 타일,,,20200102,20241231,193280000,,
162,3-015 무악재역,BA060000067,승강장안전선 타일개선,승강장 안전선 타일,,,20200102,20241231,193280000,,
163,3-023 종로3가역(3),BA060000071,승강장안전선 타일개선,승강장 안전선 타일,,,20200102,20241231,193280000,,
164,3-025 을지로3가역(3),BA060000072,승강장안전선 타일개선,승강장 안전선 타일,,,20200102,20241231,193280000,,
165,3-029 동대입구역,BA060000073,승강장안전선 타일개선,승강장 안전선 타일,,,20200102,20241231,193280000,,
166,3-045 교대역(3),BA060000081,승강장안전선 타일개선,승강장 안전선 타일,,,20200102,20241231,193280000,,
167,3-047 남부터미널역,BA060000082,승강장안전선 타일개선,승강장 안전선 타일,,,20200102,20241231,193280000,,
168,3-049 양재역,BA060000083,승강장안전선 타일개선,승강장 안전선 타일,,,20200102,20241231,193280000,,
169,3-055 대치역,BA060000086,승강장안전선 타일개선,승강장 안전선 타일,,,20200102,20241231,193280000,,
170,3-061 일원역,BA060000089,승강장안전선 타일개선,승강장 안전선 타일,,,20200102,20241231,193280000,,
171,3-007 연신내역,BA060000063,승강장안전선 타일개선,승강장 안전선 타일,,,20200102,20241231,193280000,,
172,3-013 홍제역,BA060000066,승강장안전선 타일개선,승강장 안전선 타일,,,20200102,20241231,193280000,,
173,3-033 금호역,BA060000075,승강장안전선 타일개선,승강장 안전선 타일,,,20200102,20241231,193280000,,
174,3-035 옥수역,BA060000076,승강장안전선 타일개선,승강장 안전선 타일,,,20200102,20241231,193280000,,
175,3-037 압구정역,BA060000077,승강장안전선 타일개선,승강장 안전선 타일,,,20200102,20241231,193280000,,
176,3-039 신사역,BA060000078,승강장안전선 타일개선,승강장 안전선 타일,,,20200102,20241231,193280000,,
177,3-041 잠원역,BA060000079,승강장안전선 타일개선,승강장 안전선 타일,,,20200102,20241231,193280000,,
178,3-063 수서역,BA060000090,승강장안전선 타일개선,승강장 안전선 타일,,,20200102,20241231,193280000,,
179,3-066 가락시장역,BA060000091,승강장안전선 타일개선,승강장 안전선 타일,,,20200102,20241231,193280000,,
180,3-068 경찰병원역,BA060000092,승강장안전선 타일개선,승강장 안전선 타일,,,20200102,20241231,193280000,,
181,3-070 오금역,BA060000093,승강장안전선 타일개선,승강장 안전선 타일,,,20200102,20241231,193280000,,
182,4-002 당고개역,BA060000094,승강장안전선 타일개선,승강장 안전선 타일,,,20200102,20241231,193280000,,
183,4-008 창동역,BA060000098,승강장안전선 타일개선,승강장 안전선 타일,,,20200102,20241231,193280000,,
184,4-012 쌍문역,BA060000097,승강장안전선 타일개선,승강장 안전선 타일,,,20200102,20241231,193280000,,
185,4-014 수유역,BA060000099,승강장안전선 타일개선,승강장 안전선 타일,,,20200102,20241231,193280000,,
186,4-016 미아역,BA060000100,승강장안전선 타일개선,승강장 안전선 타일,,,20200102,20241231,193280000,,
187,4-020 길음역,BA060000102,승강장안전선 타일개선,승강장 안전선 타일,,,20200102,20241231,193280000,,
188,4-028 동대문역(4),BA060000106,승강장안전선 타일개선,승강장 안전선 타일,,,20200102,20241231,193280000,,
189,4-032 충무로역,BA060000108,승강장안전선 타일개선,승강장 안전선 타일,,,20200102,20241231,193280000,,
190,4-034 명동역,BA060000109,승강장안전선 타일개선,승강장 안전선 타일,,,20200102,20241231,193280000,,
191,4-038 서울역(4),BA060000111,승강장안전선 타일개선,승강장 안전선 타일,,,20200102,20241231,193280000,,
192,4-042 삼각지역,BA060000113,승강장안전선 타일개선,승강장 안전선 타일,,,20200102,20241231,193280000,,
193,4-048 동작역,BA060000116,승강장안전선 타일개선,승강장 안전선 타일,,,20200102,20241231,193280000,,
194,4-051 총신대입구역,BA060000117,승강장안전선 타일개선,승강장 안전선 타일,,,20200102,20241231,193280000,,
195,4-053 사당역(4),BA060000118,승강장안전선 타일개선,승강장 안전선 타일,,,20200102,20241231,193280000,,
196,4-055 남태령역,BA060000119,승강장안전선 타일개선,승강장 안전선 타일,,,20200102,20241231,193280000,,
197,4-004 상계역,BA060000095,승강장안전선 타일개선,승강장 안전선 타일,,,20200102,20241231,193280000,,
198,4-018 미아사거리역,BA060000101,승강장안전선 타일개선,승강장 안전선 타일,,,20200102,20241231,193280000,,
199,4-026 혜화역,BA060000105,승강장안전선 타일개선,승강장 안전선 타일,,,20200102,20241231,193280000,,
200,4-030 동대문역사문화공원역(4),BA060000107,승강장안전선 타일개선,승강장 안전선 타일,,,20200102,20241231,193280000,,
201,4-040 숙대입구역,BA060000112,승강장안전선 타일개선,승강장 안전선 타일,,,20200102,20241231,193280000,,
202,2-021 성수역,BA060000021,지상역사 리모델링,고가 및 지상역사 시설물,2020.01.02,2020.12.31,20210102,20211231,29400000000,,
203,2-027 강변역,BA060000024,지상역사 리모델링,고가 및 지상역사 시설물,,,20220102,20221231,14850000000,,
204,2-030 잠실나루역,BA060000025,지상역사 리모델링,고가 및 지상역사 시설물,,,20230102,20231231,13703000000,,
205,2-034 잠실새내역(신천역),BA060000027,역사시설(냉방)개선,노후시설물,,,20200102,20201231,58889000000,,
206,4-016 미아역,BA060000100,역사시설(냉방)개선,노후시설물,,,20200102,20201231,58889000000,,
207,4-012 쌍문역,BA060000097,역사시설(냉방)개선,노후시설물,,,20210102,20211231,26694000000,,
208,4-024 한성대입구역,BA060000104,역사시설(냉방)개선,노후시설물,,,20210102,20211231,26694000000,,
209,4-038 서울역(4),BA060000111,역사시설(냉방)개선,노후시설물,,,20210102,20211231,26694000000,,
210,3-047 남부터미널역,BA060000082,역사시설(냉방)개선,노후시설물,,,20220102,20221231,31681000000,,
211,3-019 경복궁역,BA060000069,역사시설(냉방)개선,노후시설물,,,20230102,20231231,67260000000,,
212,5102 방화역사,BA060000120,안내체계 개선사업(역이용안내도 교체 정비),역이용안내도,,,20200102,20211231,1750000,,
213,5104 개화산역사,BA060000121,안내체계 개선사업(역이용안내도 교체 정비),역이용안내도,,,20200102,20211231,1750000,,
214,5106 김포공항역사,BA060000122,안내체계 개선사업(역이용안내도 교체 정비),역이용안내도,,,20200102,20211231,1750000,,
215,5108 송정역사,BA060000123,안내체계 개선사업(역이용안내도 교체 정비),역이용안내도,,,20200102,20211231,1750000,,
216,5110 마곡역사,BA060000124,안내체계 개선사업(역이용안내도 교체 정비),역이용안내도,,,20200102,20211231,1750000,,
217,5112 발산역사,BA060000125,안내체계 개선사업(역이용안내도 교체 정비),역이용안내도,,,20200102,20211231,1750000,,
218,5114 우장산역사,BA060000126,안내체계 개선사업(역이용안내도 교체 정비),역이용안내도,,,20200102,20211231,1750000,,
219,5116 화곡역사,BA060000127,안내체계 개선사업(역이용안내도 교체 정비),역이용안내도,,,20200102,20211231,1750000,,
220,5118 까치산역사,BA060000128,안내체계 개선사업(역이용안내도 교체 정비),역이용안내도,,,20200102,20211231,1750000,,
221,5120 신정역사,BA060000129,안내체계 개선사업(역이용안내도 교체 정비),역이용안내도,,,20200102,20211231,1655000,,
222,5122 목동역사,BA060000130,안내체계 개선사업(역이용안내도 교체 정비),역이용안내도,,,20200102,20211231,1650000,,
223,5124 오목교역사,BA060000131,안내체계 개선사업(역이용안내도 교체 정비),역이용안내도,,,20200102,20211231,1650000,,
224,5126 양평역사,BA060000132,안내체계 개선사업(역이용안내도 교체 정비),역이용안내도,,,20200102,20211231,1650000,,
225,5128 영등포구청역사,BA060000133,안내체계 개선사업(역이용안내도 교체 정비),역이용안내도,,,20200102,20211231,1650000,,
226,5130 영등포시장역사,BA060000134,안내체계 개선사업(역이용안내도 교체 정비),역이용안내도,,,20200102,20211231,1650000,,
227,5132 신길역사,BA060000135,안내체계 개선사업(역이용안내도 교체 정비),역이용안내도,,,20200102,20211231,1650000,,
228,5134 여의도역사,BA060000136,안내체계 개선사업(역이용안내도 교체 정비),역이용안내도,,,20200102,20211231,1650000,,
229,5136 여의나루역사,BA060000137,안내체계 개선사업(역이용안내도 교체 정비),역이용안내도,,,20200102,20211231,1650000,,
230,5138 마포역사,BA060000138,안내체계 개선사업(역이용안내도 교체 정비),역이용안내도,,,20200102,20211231,1650000,,
231,5140 공덕역사,BA060000139,안내체계 개선사업(역이용안내도 교체 정비),역이용안내도,,,20200102,20211231,1650000,,
232,5142 애오개역사,BA060000140,안내체계 개선사업(역이용안내도 교체 정비),역이용안내도,,,20200102,20211231,1650000,,
233,5144 충정로역사,BA060000141,안내체계 개선사업(역이용안내도 교체 정비),역이용안내도,,,20200102,20211231,1650000,,
234,5146 서대문역사,BA060000142,안내체계 개선사업(역이용안내도 교체 정비),역이용안내도,,,20200102,20211231,1650000,,
235,5148 광화문역사,BA060000143,안내체계 개선사업(역이용안내도 교체 정비),역이용안내도,,,20200102,20211231,1650000,,
236,5150 종로3가역사,BA060000144,안내체계 개선사업(역이용안내도 교체 정비),역이용안내도,,,20200102,20211231,1650000,,
237,5152 을지로4가역사,BA060000145,안내체계 개선사업(역이용안내도 교체 정비),역이용안내도,,,20200102,20211231,1650000,,
238,5154 동대문역사문화공원역사,BA060000146,안내체계 개선사업(역이용안내도 교체 정비),역이용안내도,,,20200102,20211231,1650000,,
239,5156 청구역사,BA060000147,안내체계 개선사업(역이용안내도 교체 정비),역이용안내도,,,20200102,20211231,1650000,,
240,5158 신금호역사,BA060000148,안내체계 개선사업(역이용안내도 교체 정비),역이용안내도,,,20200102,20211231,1650000,,
241,5160 행당역사,BA060000149,안내체계 개선사업(역이용안내도 교체 정비),역이용안내도,,,20200102,20211231,1650000,,
242,5162 왕십리역사,BA060000150,안내체계 개선사업(역이용안내도 교체 정비),역이용안내도,,,20200102,20211231,1650000,,
243,5164 마장역사,BA060000151,안내체계 개선사업(역이용안내도 교체 정비),역이용안내도,,,20200102,20211231,1650000,,
244,5166 답십리역사,BA060000152,안내체계 개선사업(역이용안내도 교체 정비),역이용안내도,,,20200102,20211231,1650000,,
245,5168 장한평역사,BA060000153,안내체계 개선사업(역이용안내도 교체 정비),역이용안내도,,,20200102,20211231,1650000,,
246,5170 군자역사,BA060000154,안내체계 개선사업(역이용안내도 교체 정비),역이용안내도,,,20200102,20211231,1650000,,
247,5172 아차산역사,BA060000155,안내체계 개선사업(역이용안내도 교체 정비),역이용안내도,,,20200102,20211231,1650000,,
248,5174 광나루역사,BA060000156,안내체계 개선사업(역이용안내도 교체 정비),역이용안내도,,,20200102,20211231,1650000,,
249,5176 천호역사,BA060000157,안내체계 개선사업(역이용안내도 교체 정비),역이용안내도,,,20200102,20211231,1650000,,
250,5178 강동역사,BA060000158,안내체계 개선사업(역이용안내도 교체 정비),역이용안내도,,,20200102,20211231,1650000,,
251,5180 길동역사,BA060000159,안내체계 개선사업(역이용안내도 교체 정비),역이용안내도,,,20200102,20211231,1650000,,
252,5182 굽은다리역사,BA060000160,안내체계 개선사업(역이용안내도 교체 정비),역이용안내도,,,20200102,20211231,1650000,,
253,5184 명일역사,BA060000161,안내체계 개선사업(역이용안내도 교체 정비),역이용안내도,,,20200102,20211231,1650000,,
254,5186 고덕역사,BA060000162,안내체계 개선사업(역이용안내도 교체 정비),역이용안내도,,,20200102,20211231,1650000,,
255,5188 상일동역사,BA060000163,안내체계 개선사업(역이용안내도 교체 정비),역이용안내도,,,20200102,20211231,1650000,,
256,5193 둔촌동역사,BA060000164,안내체계 개선사업(역이용안내도 교체 정비),역이용안내도,,,20200102,20211231,1650000,,
257,5196 올림픽공원역사,BA060000165,안내체계 개선사업(역이용안내도 교체 정비),역이용안내도,,,20200102,20211231,1650000,,
258,5198 방이역사,BA060000166,안내체계 개선사업(역이용안내도 교체 정비),역이용안내도,,,20200102,20211231,1650000,,
259,5200 오금역사,BA060000167,안내체계 개선사업(역이용안내도 교체 정비),역이용안내도,,,20200102,20211231,1650000,,
260,5202 개롱역사,BA060000168,안내체계 개선사업(역이용안내도 교체 정비),역이용안내도,,,20200102,20211231,1650000,,
261,5204 거여역사,BA060000169,안내체계 개선사업(역이용안내도 교체 정비),역이용안내도,,,20200102,20211231,1650000,,
262,5206 마천역사,BA060000170,안내체계 개선사업(역이용안내도 교체 정비),역이용안내도,,,20200102,20211231,1650000,,
263,6102 역촌역사,BA060000171,안내체계 개선사업(역이용안내도 교체 정비),역이용안내도,,,20200102,20211231,1650000,,
264,6104 불광역사,BA060000172,안내체계 개선사업(역이용안내도 교체 정비),역이용안내도,,,20200102,20211231,1650000,,
265,6106 독바위역사,BA060000173,안내체계 개선사업(역이용안내도 교체 정비),역이용안내도,,,20200102,20211231,1650000,,
266,6108 연신내역사,BA060000174,안내체계 개선사업(역이용안내도 교체 정비),역이용안내도,,,20200102,20211231,1650000,,
267,6110 구산역사,BA060000175,안내체계 개선사업(역이용안내도 교체 정비),역이용안내도,,,20200102,20211231,1650000,,
268,6112 응암역사,BA060000176,안내체계 개선사업(역이용안내도 교체 정비),역이용안내도,,,20200102,20211231,1650000,,
269,6114 새절역사,BA060000177,안내체계 개선사업(역이용안내도 교체 정비),역이용안내도,,,20200102,20211231,1650000,,
270,6116 증산역사,BA060000178,안내체계 개선사업(역이용안내도 교체 정비),역이용안내도,,,20200102,20211231,1650000,,
271,6118 DMC역사(디지털미디어시티역),BA060000179,안내체계 개선사업(역이용안내도 교체 정비),역이용안내도,,,20200102,20211231,1650000,,
272,6120 월드컵경기장역사,BA060000180,안내체계 개선사업(역이용안내도 교체 정비),역이용안내도,,,20200102,20211231,1650000,,
273,6122 마포구청역사,BA060000181,안내체계 개선사업(역이용안내도 교체 정비),역이용안내도,,,20200102,20211231,1650000,,
274,6124 망원역사,BA060000182,안내체계 개선사업(역이용안내도 교체 정비),역이용안내도,,,20200102,20211231,1650000,,
275,6126 합정역사,BA060000183,안내체계 개선사업(역이용안내도 교체 정비),역이용안내도,,,20200102,20211231,1650000,,
276,6128 상수역사,BA060000184,안내체계 개선사업(역이용안내도 교체 정비),역이용안내도,,,20200102,20211231,1650000,,
277,6130 광흥창역사,BA060000185,안내체계 개선사업(역이용안내도 교체 정비),역이용안내도,,,20200102,20211231,1650000,,
278,6132 대흥역사,BA060000186,안내체계 개선사업(역이용안내도 교체 정비),역이용안내도,,,20200102,20211231,1650000,,
279,6134 공덕역사,BA060000187,안내체계 개선사업(역이용안내도 교체 정비),역이용안내도,,,20200102,20211231,1650000,,
280,6136 효창공원앞역사,BA060000188,안내체계 개선사업(역이용안내도 교체 정비),역이용안내도,,,20200102,20211231,1650000,,
281,6138 삼각지역사,BA060000189,안내체계 개선사업(역이용안내도 교체 정비),역이용안내도,,,20200102,20211231,1650000,,
282,6140 녹사평역사,BA060000190,안내체계 개선사업(역이용안내도 교체 정비),역이용안내도,,,20200102,20211231,1650000,,
283,6142 이태원역사,BA060000191,안내체계 개선사업(역이용안내도 교체 정비),역이용안내도,,,20200102,20211231,1650000,,
284,6144 한강진역사,BA060000192,안내체계 개선사업(역이용안내도 교체 정비),역이용안내도,,,20200102,20211231,1650000,,
285,6146 버티고개역사,BA060000193,안내체계 개선사업(역이용안내도 교체 정비),역이용안내도,,,20200102,20211231,1650000,,
286,6148 약수역사,BA060000194,안내체계 개선사업(역이용안내도 교체 정비),역이용안내도,,,20200102,20211231,1650000,,
287,6150 청구역사,BA060000195,안내체계 개선사업(역이용안내도 교체 정비),역이용안내도,,,20200102,20211231,1650000,,
288,6152 신당역사,BA060000196,안내체계 개선사업(역이용안내도 교체 정비),역이용안내도,,,20200102,20211231,1650000,,
289,6154 동묘앞역사,BA060000197,안내체계 개선사업(역이용안내도 교체 정비),역이용안내도,,,20200102,20211231,1650000,,
290,6156 창신역사,BA060000198,안내체계 개선사업(역이용안내도 교체 정비),역이용안내도,,,20200102,20211231,1650000,,
291,6158 보문역사,BA060000199,안내체계 개선사업(역이용안내도 교체 정비),역이용안내도,,,20200102,20211231,1650000,,
292,6160 안암역사,BA060000200,안내체계 개선사업(역이용안내도 교체 정비),역이용안내도,,,20200102,20211231,1650000,,
293,6162 고려대역사,BA060000201,안내체계 개선사업(역이용안내도 교체 정비),역이용안내도,,,20200102,20211231,1650000,,
294,6164 월곡역사,BA060000202,안내체계 개선사업(역이용안내도 교체 정비),역이용안내도,,,20200102,20211231,1650000,,
295,6166 상월곡역사,BA060000203,안내체계 개선사업(역이용안내도 교체 정비),역이용안내도,,,20200102,20211231,1650000,,
296,6168 돌곶이역사,BA060000204,안내체계 개선사업(역이용안내도 교체 정비),역이용안내도,,,20200102,20211231,1650000,,
297,6170 석계역사,BA060000205,안내체계 개선사업(역이용안내도 교체 정비),역이용안내도,,,20200102,20211231,1650000,,
298,6172 태릉입구역사,BA060000206,안내체계 개선사업(역이용안내도 교체 정비),역이용안내도,,,20200102,20211231,1650000,,
299,6174 화랑대역사,BA060000207,안내체계 개선사업(역이용안내도 교체 정비),역이용안내도,,,20200102,20211231,1650000,,
300,6177 봉화산역사,BA060000208,안내체계 개선사업(역이용안내도 교체 정비),역이용안내도,,,20200102,20211231,1650000,,
301,7101 장암역사,BA060000209,안내체계 개선사업(역이용안내도 교체 정비),역이용안내도,,,20200102,20211231,1650000,,
302,7107 도봉산역사,BA060000210,안내체계 개선사업(역이용안내도 교체 정비),역이용안내도,,,20200102,20211231,1650000,,
303,7110 수락산역사,BA060000211,안내체계 개선사업(역이용안내도 교체 정비),역이용안내도,,,20200102,20211231,1650000,,
304,7112 마들역사,BA060000212,안내체계 개선사업(역이용안내도 교체 정비),역이용안내도,,,20200102,20211231,1650000,,
305,7114 노원역사,BA060000213,안내체계 개선사업(역이용안내도 교체 정비),역이용안내도,,,20200102,20211231,1650000,,
306,7116 중계역사,BA060000214,안내체계 개선사업(역이용안내도 교체 정비),역이용안내도,,,20200102,20211231,1650000,,
307,7118 하계역사,BA060000215,안내체계 개선사업(역이용안내도 교체 정비),역이용안내도,,,20200102,20211231,1650000,,
308,7120 공릉역사,BA060000216,안내체계 개선사업(역이용안내도 교체 정비),역이용안내도,,,20200102,20211231,1650000,,
309,7122 태릉입구역사,BA060000217,안내체계 개선사업(역이용안내도 교체 정비),역이용안내도,,,20200102,20211231,1650000,,
310,7124 먹골역사,BA060000218,안내체계 개선사업(역이용안내도 교체 정비),역이용안내도,,,20200102,20211231,1650000,,
311,7126 중화역사,BA060000219,안내체계 개선사업(역이용안내도 교체 정비),역이용안내도,,,20200102,20211231,1650000,,
312,7128 상봉역사,BA060000220,안내체계 개선사업(역이용안내도 교체 정비),역이용안내도,,,20200102,20211231,1650000,,
313,7130 면목역사,BA060000221,안내체계 개선사업(역이용안내도 교체 정비),역이용안내도,,,20200102,20211231,1650000,,
314,7132 사가정역사,BA060000222,안내체계 개선사업(역이용안내도 교체 정비),역이용안내도,,,20200102,20211231,1650000,,
315,7134 용마산역사,BA060000223,안내체계 개선사업(역이용안내도 교체 정비),역이용안내도,,,20200102,20211231,1650000,,
316,7136 중곡역사,BA060000224,안내체계 개선사업(역이용안내도 교체 정비),역이용안내도,,,20200102,20211231,1650000,,
317,7138 군자역사,BA060000225,안내체계 개선사업(역이용안내도 교체 정비),역이용안내도,,,20200102,20211231,1650000,,
318,7140 어린이대공원역사,BA060000226,안내체계 개선사업(역이용안내도 교체 정비),역이용안내도,,,20200102,20211231,1650000,,
319,7142 건대입구역사,BA060000227,안내체계 개선사업(역이용안내도 교체 정비),역이용안내도,,,20200102,20211231,1650000,,
320,7145 뚝섬유원지역사(고가),BA060000228,안내체계 개선사업(역이용안내도 교체 정비),역이용안내도,,,20200102,20211231,1650000,,
321,7148 청담역사,BA060000229,안내체계 개선사업(역이용안내도 교체 정비),역이용안내도,,,20200102,20211231,1650000,,
322,7150 강남구청역사,BA060000230,안내체계 개선사업(역이용안내도 교체 정비),역이용안내도,,,20200102,20211231,1650000,,
323,7152 학동역사,BA060000231,안내체계 개선사업(역이용안내도 교체 정비),역이용안내도,,,20200102,20211231,1650000,,
324,7154 논현역사,BA060000232,안내체계 개선사업(역이용안내도 교체 정비),역이용안내도,,,20200102,20211231,1650000,,
325,7156 반포역사,BA060000233,안내체계 개선사업(역이용안내도 교체 정비),역이용안내도,,,20200102,20211231,1650000,,
326,7158 고속터미널역사,BA060000234,안내체계 개선사업(역이용안내도 교체 정비),역이용안내도,,,20200102,20211231,1650000,,
327,7160 내방역사,BA060000235,안내체계 개선사업(역이용안내도 교체 정비),역이용안내도,,,20200102,20211231,1650000,,
328,7162 이수역사,BA060000236,안내체계 개선사업(역이용안내도 교체 정비),역이용안내도,,,20200102,20211231,1650000,,
329,7164 남성역사,BA060000237,안내체계 개선사업(역이용안내도 교체 정비),역이용안내도,,,20200102,20211231,1650000,,
330,7166 숭실대입구역사,BA060000238,안내체계 개선사업(역이용안내도 교체 정비),역이용안내도,,,20200102,20211231,1650000,,
331,7168 상도역사,BA060000239,안내체계 개선사업(역이용안내도 교체 정비),역이용안내도,,,20200102,20211231,1650000,,
332,7170 장승배기역사,BA060000240,안내체계 개선사업(역이용안내도 교체 정비),역이용안내도,,,20200102,20211231,1650000,,
333,7172 신대방삼거리역사,BA060000241,안내체계 개선사업(역이용안내도 교체 정비),역이용안내도,,,20200102,20211231,1650000,,
334,7174 보라매역사,BA060000242,안내체계 개선사업(역이용안내도 교체 정비),역이용안내도,,,20200102,20211231,1650000,,
335,7176 신풍역사,BA060000243,안내체계 개선사업(역이용안내도 교체 정비),역이용안내도,,,20200102,20211231,1650000,,
336,7178 대림역사,BA060000244,안내체계 개선사업(역이용안내도 교체 정비),역이용안내도,,,20200102,20211231,1650000,,
337,7180 남구로역사,BA060000245,안내체계 개선사업(역이용안내도 교체 정비),역이용안내도,,,20200102,20211231,1650000,,
338,7182 가산디지털단지,BA060000246,안내체계 개선사업(역이용안내도 교체 정비),역이용안내도,,,20200102,20211231,1650000,,
339,7184 철산역사,BA060000247,안내체계 개선사업(역이용안내도 교체 정비),역이용안내도,,,20200102,20211231,1650000,,
340,7186 광명사거리역사,BA060000248,안내체계 개선사업(역이용안내도 교체 정비),역이용안내도,,,20200102,20211231,1650000,,
341,7188 천왕역사,BA060000249,안내체계 개선사업(역이용안내도 교체 정비),역이용안내도,,,20200102,20211231,1650000,,
342,7194 온수역사,BA060000250,안내체계 개선사업(역이용안내도 교체 정비),역이용안내도,,,20200102,20211231,1650000,,
343,7197 까치울역사,BA060000251,안내체계 개선사업(역이용안내도 교체 정비),역이용안내도,,,20200102,20211231,1650000,,
344,7199 부천종합운동장역사,BA060000252,안내체계 개선사업(역이용안내도 교체 정비),역이용안내도,,,20200102,20211231,1650000,,
345,7201 춘의역사,BA060000253,안내체계 개선사업(역이용안내도 교체 정비),역이용안내도,,,20200102,20211231,1650000,,
346,7203 신중동역사,BA060000254,안내체계 개선사업(역이용안내도 교체 정비),역이용안내도,,,20200102,20211231,1650000,,
347,7205 부천시청역사,BA060000255,안내체계 개선사업(역이용안내도 교체 정비),역이용안내도,,,20200102,20211231,1650000,,
348,7207 상동역사,BA060000256,안내체계 개선사업(역이용안내도 교체 정비),역이용안내도,,,20200102,20211231,1650000,,
349,7209 삼산체육관역사,BA060000257,안내체계 개선사업(역이용안내도 교체 정비),역이용안내도,,,20200102,20211231,1650000,,
350,7211 굴포천역사,BA060000258,안내체계 개선사업(역이용안내도 교체 정비),역이용안내도,,,20200102,20211231,1650000,,
351,7213 부평구청역사,BA060000259,안내체계 개선사업(역이용안내도 교체 정비),역이용안내도,,,20200102,20211231,1650000,,
352,8102 암사역사,BA060000260,안내체계 개선사업(역이용안내도 교체 정비),역이용안내도,,,20200102,20211231,1650000,,
353,8104 천호역사,BA060000261,안내체계 개선사업(역이용안내도 교체 정비),역이용안내도,,,20200102,20211231,1650000,,
354,8106 강동구청역사,BA060000262,안내체계 개선사업(역이용안내도 교체 정비),역이용안내도,,,20200102,20211231,1650000,,
355,8108 몽촌토성역사,BA060000263,안내체계 개선사업(역이용안내도 교체 정비),역이용안내도,,,20200102,20211231,1650000,,
356,8110 잠실역사,BA060000264,안내체계 개선사업(역이용안내도 교체 정비),역이용안내도,,,20200102,20211231,1650000,,
357,8112 석촌역사,BA060000265,안내체계 개선사업(역이용안내도 교체 정비),역이용안내도,,,20200102,20211231,1650000,,
358,8114 송파역사,BA060000266,안내체계 개선사업(역이용안내도 교체 정비),역이용안내도,,,20200102,20211231,1650000,,
359,8116 가락시장역사,BA060000267,안내체계 개선사업(역이용안내도 교체 정비),역이용안내도,,,20200102,20211231,1650000,,
360,8118 문정역사,BA060000268,안내체계 개선사업(역이용안내도 교체 정비),역이용안내도,,,20200102,20211231,1650000,,
361,8120 장지역사,BA060000269,안내체계 개선사업(역이용안내도 교체 정비),역이용안내도,,,20200102,20211231,1650000,,
362,8122 복정역사,BA060000270,안내체계 개선사업(역이용안내도 교체 정비),역이용안내도,,,20200102,20211231,1650000,,
363,8126 산성역사,BA060000271,안내체계 개선사업(역이용안내도 교체 정비),역이용안내도,,,20200102,20211231,1650000,,
364,8128 남한산성입구역사,BA060000272,안내체계 개선사업(역이용안내도 교체 정비),역이용안내도,,,20200102,20211231,1650000,,
365,8130 단대오거리역사,BA060000273,안내체계 개선사업(역이용안내도 교체 정비),역이용안내도,,,20200102,20211231,1650000,,
366,8132 신흥역사,BA060000274,안내체계 개선사업(역이용안내도 교체 정비),역이용안내도,,,20200102,20211231,1650000,,
367,8134 수진역사,BA060000275,안내체계 개선사업(역이용안내도 교체 정비),역이용안내도,,,20200102,20211231,1650000,,
368,8136 모란역사,BA060000276,안내체계 개선사업(역이용안내도 교체 정비),역이용안내도,,,20200102,20211231,1650000,,
369,7107 도봉산역사,BA060000210,승강장 지붕 개량,승강장 지붕,,,20200102,20201231,1250000000,,
370,1-002 서울역,BA060000001,환기구 관리 표지판(통일시안) 설치,환기구 관리 표지판,,,20200201,20200630,290000,,
371,1-004 시청역,BA060000002,환기구 관리 표지판(통일시안) 설치,환기구 관리 표지판,,,20200201,20200630,290000,,
372,1-006 종각역,BA060000003,환기구 관리 표지판(통일시안) 설치,환기구 관리 표지판,,,20200201,20200630,290000,,
373,1-008 종로3가역,BA060000004,환기구 관리 표지판(통일시안) 설치,환기구 관리 표지판,,,20200201,20200630,290000,,
374,1-010 종로5가역,BA060000005,환기구 관리 표지판(통일시안) 설치,환기구 관리 표지판,,,20200201,20200630,290000,,
375,1-012 동대문역,BA060000006,환기구 관리 표지판(통일시안) 설치,환기구 관리 표지판,,,20200201,20200630,290000,,
376,1-014 신설동역,BA060000007,환기구 관리 표지판(통일시안) 설치,환기구 관리 표지판,,,20200201,20200630,290000,,
377,1-016 제기동역,BA060000008,환기구 관리 표지판(통일시안) 설치,환기구 관리 표지판,,,20200201,20200630,290000,,
378,1-018 청량리역,BA060000009,환기구 관리 표지판(통일시안) 설치,환기구 관리 표지판,,,20200201,20200630,290000,,
379,1-020 동묘앞역,BA060000010,환기구 관리 표지판(통일시안) 설치,환기구 관리 표지판,,,20200201,20200630,290000,,
380,2-001 시청역(2),BA060000011,환기구 관리 표지판(통일시안) 설치,환기구 관리 표지판,,,20200201,20200630,290000,,
381,2-003 을지로입구역,BA060000012,환기구 관리 표지판(통일시안) 설치,환기구 관리 표지판,,,20200201,20200630,290000,,
382,2-005 을지로3가역,BA060000013,환기구 관리 표지판(통일시안) 설치,환기구 관리 표지판,,,20200201,20200630,290000,,
383,2-007 을지로4가역,BA060000014,환기구 관리 표지판(통일시안) 설치,환기구 관리 표지판,,,20200201,20200630,290000,,
384,2-009 동대문역사문화공원역,BA060000015,환기구 관리 표지판(통일시안) 설치,환기구 관리 표지판,,,20200201,20200630,290000,,
385,2-011 신당역,BA060000016,환기구 관리 표지판(통일시안) 설치,환기구 관리 표지판,,,20200201,20200630,290000,,
386,2-013 상왕십리역,BA060000017,환기구 관리 표지판(통일시안) 설치,환기구 관리 표지판,,,20200201,20200630,290000,,
387,2-015 왕십리역,BA060000018,환기구 관리 표지판(통일시안) 설치,환기구 관리 표지판,,,20200201,20200630,290000,,
388,2-017 한양대역,BA060000019,환기구 관리 표지판(통일시안) 설치,환기구 관리 표지판,,,20200201,20200630,290000,,
389,2-019 뚝섬역,BA060000020,환기구 관리 표지판(통일시안) 설치,환기구 관리 표지판,,,20200201,20200630,290000,,
390,2-021 성수역,BA060000021,환기구 관리 표지판(통일시안) 설치,환기구 관리 표지판,,,20200201,20200630,290000,,
391,2-023 건대입구역,BA060000022,환기구 관리 표지판(통일시안) 설치,환기구 관리 표지판,,,20200201,20200630,290000,,
392,2-025 구의역,BA060000023,환기구 관리 표지판(통일시안) 설치,환기구 관리 표지판,,,20200201,20200630,290000,,
393,2-027 강변역,BA060000024,환기구 관리 표지판(통일시안) 설치,환기구 관리 표지판,,,20200201,20200630,290000,,
394,2-030 잠실나루역,BA060000025,환기구 관리 표지판(통일시안) 설치,환기구 관리 표지판,,,20200201,20200630,290000,,
395,2-032 잠실역,BA060000026,환기구 관리 표지판(통일시안) 설치,환기구 관리 표지판,,,20200201,20200630,290000,,
396,2-034 잠실새내역(신천역),BA060000027,환기구 관리 표지판(통일시안) 설치,환기구 관리 표지판,,,20200201,20200630,290000,,
397,2-036 종합운동장역,BA060000028,환기구 관리 표지판(통일시안) 설치,환기구 관리 표지판,,,20200201,20200630,282000,,
398,2-038 삼성역,BA060000029,환기구 관리 표지판(통일시안) 설치,환기구 관리 표지판,,,20200201,20200630,280000,,
399,2-040 선릉역,BA060000030,환기구 관리 표지판(통일시안) 설치,환기구 관리 표지판,,,20200201,20200630,280000,,
400,2-042 역삼역,BA060000031,환기구 관리 표지판(통일시안) 설치,환기구 관리 표지판,,,20200201,20200630,280000,,
401,2-044 강남역,BA060000032,환기구 관리 표지판(통일시안) 설치,환기구 관리 표지판,,,20200201,20200630,280000,,
402,2-046 교대역,BA060000033,환기구 관리 표지판(통일시안) 설치,환기구 관리 표지판,,,20200201,20200630,280000,,
403,2-048 서초역,BA060000034,환기구 관리 표지판(통일시안) 설치,환기구 관리 표지판,,,20200201,20200630,280000,,
404,2-050 방배역,BA060000035,환기구 관리 표지판(통일시안) 설치,환기구 관리 표지판,,,20200201,20200630,280000,,
405,2-052 사당역,BA060000036,환기구 관리 표지판(통일시안) 설치,환기구 관리 표지판,,,20200201,20200630,280000,,
406,2-054 낙성대역,BA060000037,환기구 관리 표지판(통일시안) 설치,환기구 관리 표지판,,,20200201,20200630,280000,,
407,2-056 서울대입구역,BA060000038,환기구 관리 표지판(통일시안) 설치,환기구 관리 표지판,,,20200201,20200630,280000,,
408,2-058 봉천역,BA060000039,환기구 관리 표지판(통일시안) 설치,환기구 관리 표지판,,,20200201,20200630,280000,,
409,2-060 신림역,BA060000040,환기구 관리 표지판(통일시안) 설치,환기구 관리 표지판,,,20200201,20200630,280000,,
410,2-062 신대방역,BA060000041,환기구 관리 표지판(통일시안) 설치,환기구 관리 표지판,,,20200201,20200630,280000,,
411,2-064 구로디지털단지역,BA060000042,환기구 관리 표지판(통일시안) 설치,환기구 관리 표지판,,,20200201,20200630,280000,,
412,2-067 대림역,BA060000043,환기구 관리 표지판(통일시안) 설치,환기구 관리 표지판,,,20200201,20200630,280000,,
413,2-069 신도림역(2),BA060000044,환기구 관리 표지판(통일시안) 설치,환기구 관리 표지판,,,20200201,20200630,280000,,
414,2-071 문래역,BA060000045,환기구 관리 표지판(통일시안) 설치,환기구 관리 표지판,,,20200201,20200630,280000,,
415,2-073 영등포구청역,BA060000046,환기구 관리 표지판(통일시안) 설치,환기구 관리 표지판,,,20200201,20200630,280000,,
416,2-075 당산역,BA060000047,환기구 관리 표지판(통일시안) 설치,환기구 관리 표지판,,,20200201,20200630,280000,,
417,2-078 합정역,BA060000048,환기구 관리 표지판(통일시안) 설치,환기구 관리 표지판,,,20200201,20200630,280000,,
418,2-080 홍대입구역,BA060000049,환기구 관리 표지판(통일시안) 설치,환기구 관리 표지판,,,20200201,20200630,280000,,
419,2-082 신촌역,BA060000050,환기구 관리 표지판(통일시안) 설치,환기구 관리 표지판,,,20200201,20200630,280000,,
420,2-084 이대역,BA060000051,환기구 관리 표지판(통일시안) 설치,환기구 관리 표지판,,,20200201,20200630,280000,,
421,2-086 아현역,BA060000052,환기구 관리 표지판(통일시안) 설치,환기구 관리 표지판,,,20200201,20200630,280000,,
422,2-088 충정로역,BA060000053,환기구 관리 표지판(통일시안) 설치,환기구 관리 표지판,,,20200201,20200630,280000,,
423,2-091 신설동역(2),BA060000054,환기구 관리 표지판(통일시안) 설치,환기구 관리 표지판,,,20200201,20200630,280000,,
424,2-094 신답역,BA060000055,환기구 관리 표지판(통일시안) 설치,환기구 관리 표지판,,,20200201,20200630,280000,,
425,2-095 용답역,BA060000056,환기구 관리 표지판(통일시안) 설치,환기구 관리 표지판,,,20200201,20200630,280000,,
426,2-099 도림천역,BA060000057,환기구 관리 표지판(통일시안) 설치,환기구 관리 표지판,,,20200201,20200630,280000,,
427,2-102 양천구청역,BA060000058,환기구 관리 표지판(통일시안) 설치,환기구 관리 표지판,,,20200201,20200630,280000,,
428,2-104 신정네거리역,BA060000059,환기구 관리 표지판(통일시안) 설치,환기구 관리 표지판,,,20200201,20200630,280000,,
429,2-106 용두역,BA060000060,환기구 관리 표지판(통일시안) 설치,환기구 관리 표지판,,,20200201,20200630,280000,,
430,3-003 지축역,BA060000061,환기구 관리 표지판(통일시안) 설치,환기구 관리 표지판,,,20200201,20200630,280000,,
431,3-005 구파발역,BA060000062,환기구 관리 표지판(통일시안) 설치,환기구 관리 표지판,,,20200201,20200630,280000,,
432,3-007 연신내역,BA060000063,환기구 관리 표지판(통일시안) 설치,환기구 관리 표지판,,,20200201,20200630,280000,,
433,3-009 불광역,BA060000064,환기구 관리 표지판(통일시안) 설치,환기구 관리 표지판,,,20200201,20200630,280000,,
434,3-011 녹번역,BA060000065,환기구 관리 표지판(통일시안) 설치,환기구 관리 표지판,,,20200201,20200630,280000,,
435,3-013 홍제역,BA060000066,환기구 관리 표지판(통일시안) 설치,환기구 관리 표지판,,,20200201,20200630,280000,,
436,3-015 무악재역,BA060000067,환기구 관리 표지판(통일시안) 설치,환기구 관리 표지판,,,20200201,20200630,280000,,
437,3-017 독립문역,BA060000068,환기구 관리 표지판(통일시안) 설치,환기구 관리 표지판,,,20200201,20200630,280000,,
438,3-019 경복궁역,BA060000069,환기구 관리 표지판(통일시안) 설치,환기구 관리 표지판,,,20200201,20200630,280000,,
439,3-021 안국역,BA060000070,환기구 관리 표지판(통일시안) 설치,환기구 관리 표지판,,,20200201,20200630,280000,,
440,3-023 종로3가역(3),BA060000071,환기구 관리 표지판(통일시안) 설치,환기구 관리 표지판,,,20200201,20200630,280000,,
441,3-025 을지로3가역(3),BA060000072,환기구 관리 표지판(통일시안) 설치,환기구 관리 표지판,,,20200201,20200630,280000,,
442,3-029 동대입구역,BA060000073,환기구 관리 표지판(통일시안) 설치,환기구 관리 표지판,,,20200201,20200630,280000,,
443,3-031 약수역,BA060000074,환기구 관리 표지판(통일시안) 설치,환기구 관리 표지판,,,20200201,20200630,280000,,
444,3-033 금호역,BA060000075,환기구 관리 표지판(통일시안) 설치,환기구 관리 표지판,,,20200201,20200630,280000,,
445,3-035 옥수역,BA060000076,환기구 관리 표지판(통일시안) 설치,환기구 관리 표지판,,,20200201,20200630,280000,,
446,3-037 압구정역,BA060000077,환기구 관리 표지판(통일시안) 설치,환기구 관리 표지판,,,20200201,20200630,280000,,
447,3-039 신사역,BA060000078,환기구 관리 표지판(통일시안) 설치,환기구 관리 표지판,,,20200201,20200630,280000,,
448,3-041 잠원역,BA060000079,환기구 관리 표지판(통일시안) 설치,환기구 관리 표지판,,,20200201,20200630,280000,,
449,3-043 고속터미널역,BA060000080,환기구 관리 표지판(통일시안) 설치,환기구 관리 표지판,,,20200201,20200630,280000,,
450,3-045 교대역(3),BA060000081,환기구 관리 표지판(통일시안) 설치,환기구 관리 표지판,,,20200201,20200630,280000,,
451,3-047 남부터미널역,BA060000082,환기구 관리 표지판(통일시안) 설치,환기구 관리 표지판,,,20200201,20200630,280000,,
452,3-049 양재역,BA060000083,환기구 관리 표지판(통일시안) 설치,환기구 관리 표지판,,,20200201,20200630,280000,,
453,3-051 매봉역,BA060000084,환기구 관리 표지판(통일시안) 설치,환기구 관리 표지판,,,20200201,20200630,280000,,
454,3-053 도곡역,BA060000085,환기구 관리 표지판(통일시안) 설치,환기구 관리 표지판,,,20200201,20200630,280000,,
455,3-055 대치역,BA060000086,환기구 관리 표지판(통일시안) 설치,환기구 관리 표지판,,,20200201,20200630,280000,,
456,3-057 학여울역,BA060000087,환기구 관리 표지판(통일시안) 설치,환기구 관리 표지판,,,20200201,20200630,280000,,
457,3-059 대청역,BA060000088,환기구 관리 표지판(통일시안) 설치,환기구 관리 표지판,,,20200201,20200630,280000,,
458,3-061 일원역,BA060000089,환기구 관리 표지판(통일시안) 설치,환기구 관리 표지판,,,20200201,20200630,280000,,
459,3-063 수서역,BA060000090,환기구 관리 표지판(통일시안) 설치,환기구 관리 표지판,,,20200201,20200630,280000,,
460,3-066 가락시장역,BA060000091,환기구 관리 표지판(통일시안) 설치,환기구 관리 표지판,,,20200201,20200630,280000,,
461,3-068 경찰병원역,BA060000092,환기구 관리 표지판(통일시안) 설치,환기구 관리 표지판,,,20200201,20200630,280000,,
462,3-070 오금역,BA060000093,환기구 관리 표지판(통일시안) 설치,환기구 관리 표지판,,,20200201,20200630,280000,,
463,4-002 당고개역,BA060000094,환기구 관리 표지판(통일시안) 설치,환기구 관리 표지판,,,20200201,20200630,280000,,
464,4-004 상계역,BA060000095,환기구 관리 표지판(통일시안) 설치,환기구 관리 표지판,,,20200201,20200630,280000,,
465,4-006 노원역,BA060000096,환기구 관리 표지판(통일시안) 설치,환기구 관리 표지판,,,20200201,20200630,280000,,
466,4-008 창동역,BA060000098,환기구 관리 표지판(통일시안) 설치,환기구 관리 표지판,,,20200201,20200630,280000,,
467,4-012 쌍문역,BA060000097,환기구 관리 표지판(통일시안) 설치,환기구 관리 표지판,,,20200201,20200630,280000,,
468,4-014 수유역,BA060000099,환기구 관리 표지판(통일시안) 설치,환기구 관리 표지판,,,20200201,20200630,280000,,
469,4-016 미아역,BA060000100,환기구 관리 표지판(통일시안) 설치,환기구 관리 표지판,,,20200201,20200630,280000,,
470,4-018 미아사거리역,BA060000101,환기구 관리 표지판(통일시안) 설치,환기구 관리 표지판,,,20200201,20200630,280000,,
471,4-020 길음역,BA060000102,환기구 관리 표지판(통일시안) 설치,환기구 관리 표지판,,,20200201,20200630,280000,,
472,4-022 성신여대입구역,BA060000103,환기구 관리 표지판(통일시안) 설치,환기구 관리 표지판,,,20200201,20200630,280000,,
473,4-024 한성대입구역,BA060000104,환기구 관리 표지판(통일시안) 설치,환기구 관리 표지판,,,20200201,20200630,280000,,
474,4-026 혜화역,BA060000105,환기구 관리 표지판(통일시안) 설치,환기구 관리 표지판,,,20200201,20200630,280000,,
475,4-028 동대문역(4),BA060000106,환기구 관리 표지판(통일시안) 설치,환기구 관리 표지판,,,20200201,20200630,280000,,
476,4-030 동대문역사문화공원역(4),BA060000107,환기구 관리 표지판(통일시안) 설치,환기구 관리 표지판,,,20200201,20200630,280000,,
477,4-032 충무로역,BA060000108,환기구 관리 표지판(통일시안) 설치,환기구 관리 표지판,,,20200201,20200630,280000,,
478,4-034 명동역,BA060000109,환기구 관리 표지판(통일시안) 설치,환기구 관리 표지판,,,20200201,20200630,280000,,
479,4-036 회현역,BA060000110,환기구 관리 표지판(통일시안) 설치,환기구 관리 표지판,,,20200201,20200630,280000,,
480,4-038 서울역(4),BA060000111,환기구 관리 표지판(통일시안) 설치,환기구 관리 표지판,,,20200201,20200630,280000,,
481,4-040 숙대입구역,BA060000112,환기구 관리 표지판(통일시안) 설치,환기구 관리 표지판,,,20200201,20200630,280000,,
482,4-042 삼각지역,BA060000113,환기구 관리 표지판(통일시안) 설치,환기구 관리 표지판,,,20200201,20200630,280000,,
483,4-044 신용산역,BA060000114,환기구 관리 표지판(통일시안) 설치,환기구 관리 표지판,,,20200201,20200630,280000,,
484,4-046 이촌역,BA060000115,환기구 관리 표지판(통일시안) 설치,환기구 관리 표지판,,,20200201,20200630,280000,,
485,4-048 동작역,BA060000116,환기구 관리 표지판(통일시안) 설치,환기구 관리 표지판,,,20200201,20200630,280000,,
486,4-051 총신대입구역,BA060000117,환기구 관리 표지판(통일시안) 설치,환기구 관리 표지판,,,20200201,20200630,280000,,
487,4-053 사당역(4),BA060000118,환기구 관리 표지판(통일시안) 설치,환기구 관리 표지판,,,20200201,20200630,280000,,
488,4-055 남태령역,BA060000119,환기구 관리 표지판(통일시안) 설치,환기구 관리 표지판,,,20200201,20200630,280000,,
489,5102 방화역사,BA060000120,환기구 관리 표지판(통일시안) 설치,환기구 관리 표지판,,,20200201,20200630,280000,,
490,5104 개화산역사,BA060000121,환기구 관리 표지판(통일시안) 설치,환기구 관리 표지판,,,20200201,20200630,280000,,
491,5106 김포공항역사,BA060000122,환기구 관리 표지판(통일시안) 설치,환기구 관리 표지판,,,20200201,20200630,280000,,
492,5108 송정역사,BA060000123,환기구 관리 표지판(통일시안) 설치,환기구 관리 표지판,,,20200201,20200630,280000,,
493,5110 마곡역사,BA060000124,환기구 관리 표지판(통일시안) 설치,환기구 관리 표지판,,,20200201,20200630,280000,,
494,5112 발산역사,BA060000125,환기구 관리 표지판(통일시안) 설치,환기구 관리 표지판,,,20200201,20200630,280000,,
495,5114 우장산역사,BA060000126,환기구 관리 표지판(통일시안) 설치,환기구 관리 표지판,,,20200201,20200630,280000,,
496,5116 화곡역사,BA060000127,환기구 관리 표지판(통일시안) 설치,환기구 관리 표지판,,,20200201,20200630,280000,,
497,5118 까치산역사,BA060000128,환기구 관리 표지판(통일시안) 설치,환기구 관리 표지판,,,20200201,20200630,280000,,
498,5120 신정역사,BA060000129,환기구 관리 표지판(통일시안) 설치,환기구 관리 표지판,,,20200201,20200630,280000,,
499,5122 목동역사,BA060000130,환기구 관리 표지판(통일시안) 설치,환기구 관리 표지판,,,20200201,20200630,280000,,
500,5124 오목교역사,BA060000131,환기구 관리 표지판(통일시안) 설치,환기구 관리 표지판,,,20200201,20200630,280000,,
501,5126 양평역사,BA060000132,환기구 관리 표지판(통일시안) 설치,환기구 관리 표지판,,,20200201,20200630,280000,,
502,5128 영등포구청역사,BA060000133,환기구 관리 표지판(통일시안) 설치,환기구 관리 표지판,,,20200201,20200630,280000,,
503,5130 영등포시장역사,BA060000134,환기구 관리 표지판(통일시안) 설치,환기구 관리 표지판,,,20200201,20200630,280000,,
504,5132 신길역사,BA060000135,환기구 관리 표지판(통일시안) 설치,환기구 관리 표지판,,,20200201,20200630,280000,,
505,5134 여의도역사,BA060000136,환기구 관리 표지판(통일시안) 설치,환기구 관리 표지판,,,20200201,20200630,280000,,
506,5136 여의나루역사,BA060000137,환기구 관리 표지판(통일시안) 설치,환기구 관리 표지판,,,20200201,20200630,280000,,
507,5138 마포역사,BA060000138,환기구 관리 표지판(통일시안) 설치,환기구 관리 표지판,,,20200201,20200630,280000,,
508,5140 공덕역사,BA060000139,환기구 관리 표지판(통일시안) 설치,환기구 관리 표지판,,,20200201,20200630,280000,,
509,5142 애오개역사,BA060000140,환기구 관리 표지판(통일시안) 설치,환기구 관리 표지판,,,20200201,20200630,280000,,
510,5144 충정로역사,BA060000141,환기구 관리 표지판(통일시안) 설치,환기구 관리 표지판,,,20200201,20200630,280000,,
511,5146 서대문역사,BA060000142,환기구 관리 표지판(통일시안) 설치,환기구 관리 표지판,,,20200201,20200630,280000,,
512,5148 광화문역사,BA060000143,환기구 관리 표지판(통일시안) 설치,환기구 관리 표지판,,,20200201,20200630,280000,,
513,5150 종로3가역사,BA060000144,환기구 관리 표지판(통일시안) 설치,환기구 관리 표지판,,,20200201,20200630,280000,,
514,5152 을지로4가역사,BA060000145,환기구 관리 표지판(통일시안) 설치,환기구 관리 표지판,,,20200201,20200630,280000,,
515,5154 동대문역사문화공원역사,BA060000146,환기구 관리 표지판(통일시안) 설치,환기구 관리 표지판,,,20200201,20200630,280000,,
516,5156 청구역사,BA060000147,환기구 관리 표지판(통일시안) 설치,환기구 관리 표지판,,,20200201,20200630,280000,,
517,5158 신금호역사,BA060000148,환기구 관리 표지판(통일시안) 설치,환기구 관리 표지판,,,20200201,20200630,280000,,
518,5160 행당역사,BA060000149,환기구 관리 표지판(통일시안) 설치,환기구 관리 표지판,,,20200201,20200630,280000,,
519,5162 왕십리역사,BA060000150,환기구 관리 표지판(통일시안) 설치,환기구 관리 표지판,,,20200201,20200630,280000,,
520,5164 마장역사,BA060000151,환기구 관리 표지판(통일시안) 설치,환기구 관리 표지판,,,20200201,20200630,280000,,
521,5166 답십리역사,BA060000152,환기구 관리 표지판(통일시안) 설치,환기구 관리 표지판,,,20200201,20200630,280000,,
522,5168 장한평역사,BA060000153,환기구 관리 표지판(통일시안) 설치,환기구 관리 표지판,,,20200201,20200630,280000,,
523,5170 군자역사,BA060000154,환기구 관리 표지판(통일시안) 설치,환기구 관리 표지판,,,20200201,20200630,280000,,
524,5172 아차산역사,BA060000155,환기구 관리 표지판(통일시안) 설치,환기구 관리 표지판,,,20200201,20200630,280000,,
525,5174 광나루역사,BA060000156,환기구 관리 표지판(통일시안) 설치,환기구 관리 표지판,,,20200201,20200630,280000,,
526,5176 천호역사,BA060000157,환기구 관리 표지판(통일시안) 설치,환기구 관리 표지판,,,20200201,20200630,280000,,
527,5178 강동역사,BA060000158,환기구 관리 표지판(통일시안) 설치,환기구 관리 표지판,,,20200201,20200630,280000,,
528,5180 길동역사,BA060000159,환기구 관리 표지판(통일시안) 설치,환기구 관리 표지판,,,20200201,20200630,280000,,
529,5182 굽은다리역사,BA060000160,환기구 관리 표지판(통일시안) 설치,환기구 관리 표지판,,,20200201,20200630,280000,,
530,5184 명일역사,BA060000161,환기구 관리 표지판(통일시안) 설치,환기구 관리 표지판,,,20200201,20200630,280000,,
531,5186 고덕역사,BA060000162,환기구 관리 표지판(통일시안) 설치,환기구 관리 표지판,,,20200201,20200630,280000,,
532,5188 상일동역사,BA060000163,환기구 관리 표지판(통일시안) 설치,환기구 관리 표지판,,,20200201,20200630,280000,,
533,5193 둔촌동역사,BA060000164,환기구 관리 표지판(통일시안) 설치,환기구 관리 표지판,,,20200201,20200630,280000,,
534,5196 올림픽공원역사,BA060000165,환기구 관리 표지판(통일시안) 설치,환기구 관리 표지판,,,20200201,20200630,280000,,
535,5198 방이역사,BA060000166,환기구 관리 표지판(통일시안) 설치,환기구 관리 표지판,,,20200201,20200630,280000,,
536,5200 오금역사,BA060000167,환기구 관리 표지판(통일시안) 설치,환기구 관리 표지판,,,20200201,20200630,280000,,
537,5202 개롱역사,BA060000168,환기구 관리 표지판(통일시안) 설치,환기구 관리 표지판,,,20200201,20200630,280000,,
538,5204 거여역사,BA060000169,환기구 관리 표지판(통일시안) 설치,환기구 관리 표지판,,,20200201,20200630,280000,,
539,5206 마천역사,BA060000170,환기구 관리 표지판(통일시안) 설치,환기구 관리 표지판,,,20200201,20200630,280000,,
540,6102 역촌역사,BA060000171,환기구 관리 표지판(통일시안) 설치,환기구 관리 표지판,,,20200201,20200630,280000,,
541,6104 불광역사,BA060000172,환기구 관리 표지판(통일시안) 설치,환기구 관리 표지판,,,20200201,20200630,280000,,
542,6106 독바위역사,BA060000173,환기구 관리 표지판(통일시안) 설치,환기구 관리 표지판,,,20200201,20200630,280000,,
543,6108 연신내역사,BA060000174,환기구 관리 표지판(통일시안) 설치,환기구 관리 표지판,,,20200201,20200630,280000,,
544,6110 구산역사,BA060000175,환기구 관리 표지판(통일시안) 설치,환기구 관리 표지판,,,20200201,20200630,280000,,
545,6112 응암역사,BA060000176,환기구 관리 표지판(통일시안) 설치,환기구 관리 표지판,,,20200201,20200630,280000,,
546,6114 새절역사,BA060000177,환기구 관리 표지판(통일시안) 설치,환기구 관리 표지판,,,20200201,20200630,280000,,
547,6116 증산역사,BA060000178,환기구 관리 표지판(통일시안) 설치,환기구 관리 표지판,,,20200201,20200630,280000,,
548,6118 DMC역사(디지털미디어시티역),BA060000179,환기구 관리 표지판(통일시안) 설치,환기구 관리 표지판,,,20200201,20200630,280000,,
549,6120 월드컵경기장역사,BA060000180,환기구 관리 표지판(통일시안) 설치,환기구 관리 표지판,,,20200201,20200630,280000,,
550,6122 마포구청역사,BA060000181,환기구 관리 표지판(통일시안) 설치,환기구 관리 표지판,,,20200201,20200630,280000,,
551,6124 망원역사,BA060000182,환기구 관리 표지판(통일시안) 설치,환기구 관리 표지판,,,20200201,20200630,280000,,
552,6126 합정역사,BA060000183,환기구 관리 표지판(통일시안) 설치,환기구 관리 표지판,,,20200201,20200630,280000,,
553,6128 상수역사,BA060000184,환기구 관리 표지판(통일시안) 설치,환기구 관리 표지판,,,20200201,20200630,280000,,
554,6130 광흥창역사,BA060000185,환기구 관리 표지판(통일시안) 설치,환기구 관리 표지판,,,20200201,20200630,280000,,
555,6132 대흥역사,BA060000186,환기구 관리 표지판(통일시안) 설치,환기구 관리 표지판,,,20200201,20200630,280000,,
556,6134 공덕역사,BA060000187,환기구 관리 표지판(통일시안) 설치,환기구 관리 표지판,,,20200201,20200630,280000,,
557,6136 효창공원앞역사,BA060000188,환기구 관리 표지판(통일시안) 설치,환기구 관리 표지판,,,20200201,20200630,280000,,
558,6138 삼각지역사,BA060000189,환기구 관리 표지판(통일시안) 설치,환기구 관리 표지판,,,20200201,20200630,280000,,
559,6140 녹사평역사,BA060000190,환기구 관리 표지판(통일시안) 설치,환기구 관리 표지판,,,20200201,20200630,280000,,
560,6142 이태원역사,BA060000191,환기구 관리 표지판(통일시안) 설치,환기구 관리 표지판,,,20200201,20200630,280000,,
561,6144 한강진역사,BA060000192,환기구 관리 표지판(통일시안) 설치,환기구 관리 표지판,,,20200201,20200630,280000,,
562,6146 버티고개역사,BA060000193,환기구 관리 표지판(통일시안) 설치,환기구 관리 표지판,,,20200201,20200630,280000,,
563,6148 약수역사,BA060000194,환기구 관리 표지판(통일시안) 설치,환기구 관리 표지판,,,20200201,20200630,280000,,
564,6150 청구역사,BA060000195,환기구 관리 표지판(통일시안) 설치,환기구 관리 표지판,,,20200201,20200630,280000,,
565,6152 신당역사,BA060000196,환기구 관리 표지판(통일시안) 설치,환기구 관리 표지판,,,20200201,20200630,280000,,
566,6154 동묘앞역사,BA060000197,환기구 관리 표지판(통일시안) 설치,환기구 관리 표지판,,,20200201,20200630,280000,,
567,6156 창신역사,BA060000198,환기구 관리 표지판(통일시안) 설치,환기구 관리 표지판,,,20200201,20200630,280000,,
568,6158 보문역사,BA060000199,환기구 관리 표지판(통일시안) 설치,환기구 관리 표지판,,,20200201,20200630,280000,,
569,6160 안암역사,BA060000200,환기구 관리 표지판(통일시안) 설치,환기구 관리 표지판,,,20200201,20200630,280000,,
570,6162 고려대역사,BA060000201,환기구 관리 표지판(통일시안) 설치,환기구 관리 표지판,,,20200201,20200630,280000,,
571,6164 월곡역사,BA060000202,환기구 관리 표지판(통일시안) 설치,환기구 관리 표지판,,,20200201,20200630,280000,,
572,6166 상월곡역사,BA060000203,환기구 관리 표지판(통일시안) 설치,환기구 관리 표지판,,,20200201,20200630,280000,,
573,6168 돌곶이역사,BA060000204,환기구 관리 표지판(통일시안) 설치,환기구 관리 표지판,,,20200201,20200630,280000,,
574,6170 석계역사,BA060000205,환기구 관리 표지판(통일시안) 설치,환기구 관리 표지판,,,20200201,20200630,280000,,
575,6172 태릉입구역사,BA060000206,환기구 관리 표지판(통일시안) 설치,환기구 관리 표지판,,,20200201,20200630,280000,,
576,6174 화랑대역사,BA060000207,환기구 관리 표지판(통일시안) 설치,환기구 관리 표지판,,,20200201,20200630,280000,,
577,6177 봉화산역사,BA060000208,환기구 관리 표지판(통일시안) 설치,환기구 관리 표지판,,,20200201,20200630,280000,,
578,7101 장암역사,BA060000209,환기구 관리 표지판(통일시안) 설치,환기구 관리 표지판,,,20200201,20200630,280000,,
579,7107 도봉산역사,BA060000210,환기구 관리 표지판(통일시안) 설치,환기구 관리 표지판,,,20200201,20200630,280000,,
580,7110 수락산역사,BA060000211,환기구 관리 표지판(통일시안) 설치,환기구 관리 표지판,,,20200201,20200630,280000,,
581,7112 마들역사,BA060000212,환기구 관리 표지판(통일시안) 설치,환기구 관리 표지판,,,20200201,20200630,280000,,
582,7114 노원역사,BA060000213,환기구 관리 표지판(통일시안) 설치,환기구 관리 표지판,,,20200201,20200630,280000,,
583,7116 중계역사,BA060000214,환기구 관리 표지판(통일시안) 설치,환기구 관리 표지판,,,20200201,20200630,280000,,
584,7118 하계역사,BA060000215,환기구 관리 표지판(통일시안) 설치,환기구 관리 표지판,,,20200201,20200630,280000,,
585,7120 공릉역사,BA060000216,환기구 관리 표지판(통일시안) 설치,환기구 관리 표지판,,,20200201,20200630,280000,,
586,7122 태릉입구역사,BA060000217,환기구 관리 표지판(통일시안) 설치,환기구 관리 표지판,,,20200201,20200630,280000,,
587,7124 먹골역사,BA060000218,환기구 관리 표지판(통일시안) 설치,환기구 관리 표지판,,,20200201,20200630,280000,,
588,7126 중화역사,BA060000219,환기구 관리 표지판(통일시안) 설치,환기구 관리 표지판,,,20200201,20200630,280000,,
589,7128 상봉역사,BA060000220,환기구 관리 표지판(통일시안) 설치,환기구 관리 표지판,,,20200201,20200630,280000,,
590,7130 면목역사,BA060000221,환기구 관리 표지판(통일시안) 설치,환기구 관리 표지판,,,20200201,20200630,280000,,
591,7132 사가정역사,BA060000222,환기구 관리 표지판(통일시안) 설치,환기구 관리 표지판,,,20200201,20200630,280000,,
592,7134 용마산역사,BA060000223,환기구 관리 표지판(통일시안) 설치,환기구 관리 표지판,,,20200201,20200630,280000,,
593,7136 중곡역사,BA060000224,환기구 관리 표지판(통일시안) 설치,환기구 관리 표지판,,,20200201,20200630,280000,,
594,7138 군자역사,BA060000225,환기구 관리 표지판(통일시안) 설치,환기구 관리 표지판,,,20200201,20200630,280000,,
595,7140 어린이대공원역사,BA060000226,환기구 관리 표지판(통일시안) 설치,환기구 관리 표지판,,,20200201,20200630,280000,,
596,7142 건대입구역사,BA060000227,환기구 관리 표지판(통일시안) 설치,환기구 관리 표지판,,,20200201,20200630,280000,,
597,7145 뚝섬유원지역사(고가),BA060000228,환기구 관리 표지판(통일시안) 설치,환기구 관리 표지판,,,20200201,20200630,280000,,
598,7148 청담역사,BA060000229,환기구 관리 표지판(통일시안) 설치,환기구 관리 표지판,,,20200201,20200630,280000,,
599,7150 강남구청역사,BA060000230,환기구 관리 표지판(통일시안) 설치,환기구 관리 표지판,,,20200201,20200630,280000,,
600,7152 학동역사,BA060000231,환기구 관리 표지판(통일시안) 설치,환기구 관리 표지판,,,20200201,20200630,280000,,
601,7154 논현역사,BA060000232,환기구 관리 표지판(통일시안) 설치,환기구 관리 표지판,,,20200201,20200630,280000,,
602,7156 반포역사,BA060000233,환기구 관리 표지판(통일시안) 설치,환기구 관리 표지판,,,20200201,20200630,280000,,
603,7158 고속터미널역사,BA060000234,환기구 관리 표지판(통일시안) 설치,환기구 관리 표지판,,,20200201,20200630,280000,,
604,7160 내방역사,BA060000235,환기구 관리 표지판(통일시안) 설치,환기구 관리 표지판,,,20200201,20200630,280000,,
605,7162 이수역사,BA060000236,환기구 관리 표지판(통일시안) 설치,환기구 관리 표지판,,,20200201,20200630,280000,,
606,7164 남성역사,BA060000237,환기구 관리 표지판(통일시안) 설치,환기구 관리 표지판,,,20200201,20200630,280000,,
607,7166 숭실대입구역사,BA060000238,환기구 관리 표지판(통일시안) 설치,환기구 관리 표지판,,,20200201,20200630,280000,,
608,7168 상도역사,BA060000239,환기구 관리 표지판(통일시안) 설치,환기구 관리 표지판,,,20200201,20200630,280000,,
609,7170 장승배기역사,BA060000240,환기구 관리 표지판(통일시안) 설치,환기구 관리 표지판,,,20200201,20200630,280000,,
610,7172 신대방삼거리역사,BA060000241,환기구 관리 표지판(통일시안) 설치,환기구 관리 표지판,,,20200201,20200630,280000,,
611,7174 보라매역사,BA060000242,환기구 관리 표지판(통일시안) 설치,환기구 관리 표지판,,,20200201,20200630,280000,,
612,7176 신풍역사,BA060000243,환기구 관리 표지판(통일시안) 설치,환기구 관리 표지판,,,20200201,20200630,280000,,
613,7178 대림역사,BA060000244,환기구 관리 표지판(통일시안) 설치,환기구 관리 표지판,,,20200201,20200630,280000,,
614,7180 남구로역사,BA060000245,환기구 관리 표지판(통일시안) 설치,환기구 관리 표지판,,,20200201,20200630,280000,,
615,7182 가산디지털단지,BA060000246,환기구 관리 표지판(통일시안) 설치,환기구 관리 표지판,,,20200201,20200630,280000,,
616,7184 철산역사,BA060000247,환기구 관리 표지판(통일시안) 설치,환기구 관리 표지판,,,20200201,20200630,280000,,
617,7186 광명사거리역사,BA060000248,환기구 관리 표지판(통일시안) 설치,환기구 관리 표지판,,,20200201,20200630,280000,,
618,7188 천왕역사,BA060000249,환기구 관리 표지판(통일시안) 설치,환기구 관리 표지판,,,20200201,20200630,280000,,
619,7194 온수역사,BA060000250,환기구 관리 표지판(통일시안) 설치,환기구 관리 표지판,,,20200201,20200630,280000,,
620,7197 까치울역사,BA060000251,환기구 관리 표지판(통일시안) 설치,환기구 관리 표지판,,,20200201,20200630,280000,,
621,7199 부천종합운동장역사,BA060000252,환기구 관리 표지판(통일시안) 설치,환기구 관리 표지판,,,20200201,20200630,280000,,
622,7201 춘의역사,BA060000253,환기구 관리 표지판(통일시안) 설치,환기구 관리 표지판,,,20200201,20200630,280000,,
623,7203 신중동역사,BA060000254,환기구 관리 표지판(통일시안) 설치,환기구 관리 표지판,,,20200201,20200630,280000,,
624,7205 부천시청역사,BA060000255,환기구 관리 표지판(통일시안) 설치,환기구 관리 표지판,,,20200201,20200630,280000,,
625,7207 상동역사,BA060000256,환기구 관리 표지판(통일시안) 설치,환기구 관리 표지판,,,20200201,20200630,280000,,
626,7209 삼산체육관역사,BA060000257,환기구 관리 표지판(통일시안) 설치,환기구 관리 표지판,,,20200201,20200630,280000,,
627,7211 굴포천역사,BA060000258,환기구 관리 표지판(통일시안) 설치,환기구 관리 표지판,,,20200201,20200630,280000,,
628,7213 부평구청역사,BA060000259,환기구 관리 표지판(통일시안) 설치,환기구 관리 표지판,,,20200201,20200630,280000,,
629,8102 암사역사,BA060000260,환기구 관리 표지판(통일시안) 설치,환기구 관리 표지판,,,20200201,20200630,280000,,
630,8104 천호역사,BA060000261,환기구 관리 표지판(통일시안) 설치,환기구 관리 표지판,,,20200201,20200630,280000,,
631,8106 강동구청역사,BA060000262,환기구 관리 표지판(통일시안) 설치,환기구 관리 표지판,,,20200201,20200630,280000,,
632,8108 몽촌토성역사,BA060000263,환기구 관리 표지판(통일시안) 설치,환기구 관리 표지판,,,20200201,20200630,280000,,
633,8110 잠실역사,BA060000264,환기구 관리 표지판(통일시안) 설치,환기구 관리 표지판,,,20200201,20200630,280000,,
634,8112 석촌역사,BA060000265,환기구 관리 표지판(통일시안) 설치,환기구 관리 표지판,,,20200201,20200630,280000,,
635,8114 송파역사,BA060000266,환기구 관리 표지판(통일시안) 설치,환기구 관리 표지판,,,20200201,20200630,280000,,
636,8116 가락시장역사,BA060000267,환기구 관리 표지판(통일시안) 설치,환기구 관리 표지판,,,20200201,20200630,280000,,
637,8118 문정역사,BA060000268,환기구 관리 표지판(통일시안) 설치,환기구 관리 표지판,,,20200201,20200630,280000,,
638,8120 장지역사,BA060000269,환기구 관리 표지판(통일시안) 설치,환기구 관리 표지판,,,20200201,20200630,280000,,
639,8122 복정역사,BA060000270,환기구 관리 표지판(통일시안) 설치,환기구 관리 표지판,,,20200201,20200630,280000,,
640,8126 산성역사,BA060000271,환기구 관리 표지판(통일시안) 설치,환기구 관리 표지판,,,20200201,20200630,280000,,
641,8128 남한산성입구역사,BA060000272,환기구 관리 표지판(통일시안) 설치,환기구 관리 표지판,,,20200201,20200630,280000,,
642,8130 단대오거리역사,BA060000273,환기구 관리 표지판(통일시안) 설치,환기구 관리 표지판,,,20200201,20200630,280000,,
643,8132 신흥역사,BA060000274,환기구 관리 표지판(통일시안) 설치,환기구 관리 표지판,,,20200201,20200630,280000,,
644,8134 수진역사,BA060000275,환기구 관리 표지판(통일시안) 설치,환기구 관리 표지판,,,20200201,20200630,280000,,
645,8136 모란역사,BA060000276,환기구 관리 표지판(통일시안) 설치,환기구 관리 표지판,,,20200201,20200630,280000,,
646,1-002 서울역,BA060000001,환기구 정비공사,환기구,,,20200102,20241231,9360000,,
647,1-004 시청역,BA060000002,환기구 정비공사,환기구,,,20200102,20241231,9360000,,
648,1-006 종각역,BA060000003,환기구 정비공사,환기구,,,20200102,20241231,9360000,,
649,1-008 종로3가역,BA060000004,환기구 정비공사,환기구,,,20200102,20241231,9360000,,
650,1-010 종로5가역,BA060000005,환기구 정비공사,환기구,,,20200102,20241231,9360000,,
651,1-012 동대문역,BA060000006,환기구 정비공사,환기구,,,20200102,20241231,9360000,,
652,1-014 신설동역,BA060000007,환기구 정비공사,환기구,,,20200102,20241231,9360000,,
653,1-016 제기동역,BA060000008,환기구 정비공사,환기구,,,20200102,20241231,9360000,,
654,1-018 청량리역,BA060000009,환기구 정비공사,환기구,,,20200102,20241231,9360000,,
655,1-020 동묘앞역,BA060000010,환기구 정비공사,환기구,,,20200102,20241231,9360000,,
656,2-001 시청역(2),BA060000011,환기구 정비공사,환기구,,,20200102,20241231,9360000,,
657,2-003 을지로입구역,BA060000012,환기구 정비공사,환기구,,,20200102,20241231,9360000,,
658,2-005 을지로3가역,BA060000013,환기구 정비공사,환기구,,,20200102,20241231,9360000,,
659,2-007 을지로4가역,BA060000014,환기구 정비공사,환기구,,,20200102,20241231,9360000,,
660,2-009 동대문역사문화공원역,BA060000015,환기구 정비공사,환기구,,,20200102,20241231,9360000,,
661,2-011 신당역,BA060000016,환기구 정비공사,환기구,,,20200102,20241231,9360000,,
662,2-013 상왕십리역,BA060000017,환기구 정비공사,환기구,,,20200102,20241231,9360000,,
663,2-015 왕십리역,BA060000018,환기구 정비공사,환기구,,,20200102,20241231,9360000,,
664,2-017 한양대역,BA060000019,환기구 정비공사,환기구,,,20200102,20241231,9360000,,
665,2-019 뚝섬역,BA060000020,환기구 정비공사,환기구,,,20200102,20241231,9360000,,
666,2-021 성수역,BA060000021,환기구 정비공사,환기구,,,20200102,20241231,9360000,,
667,2-023 건대입구역,BA060000022,환기구 정비공사,환기구,,,20200102,20241231,9360000,,
668,2-025 구의역,BA060000023,환기구 정비공사,환기구,,,20200102,20241231,9360000,,
669,2-027 강변역,BA060000024,환기구 정비공사,환기구,,,20200102,20241231,9360000,,
670,2-030 잠실나루역,BA060000025,환기구 정비공사,환기구,,,20200102,20241231,9360000,,
671,2-032 잠실역,BA060000026,환기구 정비공사,환기구,,,20200102,20241231,9360000,,
672,2-034 잠실새내역(신천역),BA060000027,환기구 정비공사,환기구,,,20200102,20241231,9360000,,
673,2-036 종합운동장역,BA060000028,환기구 정비공사,환기구,,,20200102,20241231,9264000,,
674,2-038 삼성역,BA060000029,환기구 정비공사,환기구,,,20200102,20241231,9260000,,
675,2-040 선릉역,BA060000030,환기구 정비공사,환기구,,,20200102,20241231,9260000,,
676,2-042 역삼역,BA060000031,환기구 정비공사,환기구,,,20200102,20241231,9260000,,
677,2-044 강남역,BA060000032,환기구 정비공사,환기구,,,20200102,20241231,9260000,,
678,2-046 교대역,BA060000033,환기구 정비공사,환기구,,,20200102,20241231,9260000,,
679,2-048 서초역,BA060000034,환기구 정비공사,환기구,,,20200102,20241231,9260000,,
680,2-050 방배역,BA060000035,환기구 정비공사,환기구,,,20200102,20241231,9260000,,
681,2-052 사당역,BA060000036,환기구 정비공사,환기구,,,20200102,20241231,9260000,,
682,2-054 낙성대역,BA060000037,환기구 정비공사,환기구,,,20200102,20241231,9260000,,
683,2-056 서울대입구역,BA060000038,환기구 정비공사,환기구,,,20200102,20241231,9260000,,
684,2-058 봉천역,BA060000039,환기구 정비공사,환기구,,,20200102,20241231,9260000,,
685,2-060 신림역,BA060000040,환기구 정비공사,환기구,,,20200102,20241231,9260000,,
686,2-062 신대방역,BA060000041,환기구 정비공사,환기구,,,20200102,20241231,9260000,,
687,2-064 구로디지털단지역,BA060000042,환기구 정비공사,환기구,,,20200102,20241231,9260000,,
688,2-067 대림역,BA060000043,환기구 정비공사,환기구,,,20200102,20241231,9260000,,
689,2-069 신도림역(2),BA060000044,환기구 정비공사,환기구,,,20200102,20241231,9260000,,
690,2-071 문래역,BA060000045,환기구 정비공사,환기구,,,20200102,20241231,9260000,,
691,2-073 영등포구청역,BA060000046,환기구 정비공사,환기구,,,20200102,20241231,9260000,,
692,2-075 당산역,BA060000047,환기구 정비공사,환기구,,,20200102,20241231,9260000,,
693,2-078 합정역,BA060000048,환기구 정비공사,환기구,,,20200102,20241231,9260000,,
694,2-080 홍대입구역,BA060000049,환기구 정비공사,환기구,,,20200102,20241231,9260000,,
695,2-082 신촌역,BA060000050,환기구 정비공사,환기구,,,20200102,20241231,9260000,,
696,2-084 이대역,BA060000051,환기구 정비공사,환기구,,,20200102,20241231,9260000,,
697,2-086 아현역,BA060000052,환기구 정비공사,환기구,,,20200102,20241231,9260000,,
698,2-088 충정로역,BA060000053,환기구 정비공사,환기구,,,20200102,20241231,9260000,,
699,2-091 신설동역(2),BA060000054,환기구 정비공사,환기구,,,20200102,20241231,9260000,,
700,2-094 신답역,BA060000055,환기구 정비공사,환기구,,,20200102,20241231,9260000,,
701,2-095 용답역,BA060000056,환기구 정비공사,환기구,,,20200102,20241231,9260000,,
702,2-099 도림천역,BA060000057,환기구 정비공사,환기구,,,20200102,20241231,9260000,,
703,2-102 양천구청역,BA060000058,환기구 정비공사,환기구,,,20200102,20241231,9260000,,
704,2-104 신정네거리역,BA060000059,환기구 정비공사,환기구,,,20200102,20241231,9260000,,
705,2-106 용두역,BA060000060,환기구 정비공사,환기구,,,20200102,20241231,9260000,,
706,3-003 지축역,BA060000061,환기구 정비공사,환기구,,,20200102,20241231,9260000,,
707,3-005 구파발역,BA060000062,환기구 정비공사,환기구,,,20200102,20241231,9260000,,
708,3-007 연신내역,BA060000063,환기구 정비공사,환기구,,,20200102,20241231,9260000,,
709,3-009 불광역,BA060000064,환기구 정비공사,환기구,,,20200102,20241231,9260000,,
710,3-011 녹번역,BA060000065,환기구 정비공사,환기구,,,20200102,20241231,9260000,,
711,3-013 홍제역,BA060000066,환기구 정비공사,환기구,,,20200102,20241231,9260000,,
712,3-015 무악재역,BA060000067,환기구 정비공사,환기구,,,20200102,20241231,9260000,,
713,3-017 독립문역,BA060000068,환기구 정비공사,환기구,,,20200102,20241231,9260000,,
714,3-019 경복궁역,BA060000069,환기구 정비공사,환기구,,,20200102,20241231,9260000,,
715,3-021 안국역,BA060000070,환기구 정비공사,환기구,,,20200102,20241231,9260000,,
716,3-023 종로3가역(3),BA060000071,환기구 정비공사,환기구,,,20200102,20241231,9260000,,
717,3-025 을지로3가역(3),BA060000072,환기구 정비공사,환기구,,,20200102,20241231,9260000,,
718,3-029 동대입구역,BA060000073,환기구 정비공사,환기구,,,20200102,20241231,9260000,,
719,3-031 약수역,BA060000074,환기구 정비공사,환기구,,,20200102,20241231,9260000,,
720,3-033 금호역,BA060000075,환기구 정비공사,환기구,,,20200102,20241231,9260000,,
721,3-035 옥수역,BA060000076,환기구 정비공사,환기구,,,20200102,20241231,9260000,,
722,3-037 압구정역,BA060000077,환기구 정비공사,환기구,,,20200102,20241231,9260000,,
723,3-039 신사역,BA060000078,환기구 정비공사,환기구,,,20200102,20241231,9260000,,
724,3-041 잠원역,BA060000079,환기구 정비공사,환기구,,,20200102,20241231,9260000,,
725,3-043 고속터미널역,BA060000080,환기구 정비공사,환기구,,,20200102,20241231,9260000,,
726,3-045 교대역(3),BA060000081,환기구 정비공사,환기구,,,20200102,20241231,9260000,,
727,3-047 남부터미널역,BA060000082,환기구 정비공사,환기구,,,20200102,20241231,9260000,,
728,3-049 양재역,BA060000083,환기구 정비공사,환기구,,,20200102,20241231,9260000,,
729,3-051 매봉역,BA060000084,환기구 정비공사,환기구,,,20200102,20241231,9260000,,
730,3-053 도곡역,BA060000085,환기구 정비공사,환기구,,,20200102,20241231,9260000,,
731,3-055 대치역,BA060000086,환기구 정비공사,환기구,,,20200102,20241231,9260000,,
732,3-057 학여울역,BA060000087,환기구 정비공사,환기구,,,20200102,20241231,9260000,,
733,3-059 대청역,BA060000088,환기구 정비공사,환기구,,,20200102,20241231,9260000,,
734,3-061 일원역,BA060000089,환기구 정비공사,환기구,,,20200102,20241231,9260000,,
735,3-063 수서역,BA060000090,환기구 정비공사,환기구,,,20200102,20241231,9260000,,
736,3-066 가락시장역,BA060000091,환기구 정비공사,환기구,,,20200102,20241231,9260000,,
737,3-068 경찰병원역,BA060000092,환기구 정비공사,환기구,,,20200102,20241231,9260000,,
738,3-070 오금역,BA060000093,환기구 정비공사,환기구,,,20200102,20241231,9260000,,
739,4-002 당고개역,BA060000094,환기구 정비공사,환기구,,,20200102,20241231,9260000,,
740,4-004 상계역,BA060000095,환기구 정비공사,환기구,,,20200102,20241231,9260000,,
741,4-006 노원역,BA060000096,환기구 정비공사,환기구,,,20200102,20241231,9260000,,
742,4-008 창동역,BA060000098,환기구 정비공사,환기구,,,20200102,20241231,9260000,,
743,4-012 쌍문역,BA060000097,환기구 정비공사,환기구,,,20200102,20241231,9260000,,
744,4-014 수유역,BA060000099,환기구 정비공사,환기구,,,20200102,20241231,9260000,,
745,4-016 미아역,BA060000100,환기구 정비공사,환기구,,,20200102,20241231,9260000,,
746,4-018 미아사거리역,BA060000101,환기구 정비공사,환기구,,,20200102,20241231,9260000,,
747,4-020 길음역,BA060000102,환기구 정비공사,환기구,,,20200102,20241231,9260000,,
748,4-022 성신여대입구역,BA060000103,환기구 정비공사,환기구,,,20200102,20241231,9260000,,
749,4-024 한성대입구역,BA060000104,환기구 정비공사,환기구,,,20200102,20241231,9260000,,
750,4-026 혜화역,BA060000105,환기구 정비공사,환기구,,,20200102,20241231,9260000,,
751,4-028 동대문역(4),BA060000106,환기구 정비공사,환기구,,,20200102,20241231,9260000,,
752,4-030 동대문역사문화공원역(4),BA060000107,환기구 정비공사,환기구,,,20200102,20241231,9260000,,
753,4-032 충무로역,BA060000108,환기구 정비공사,환기구,,,20200102,20241231,9260000,,
754,4-034 명동역,BA060000109,환기구 정비공사,환기구,,,20200102,20241231,9260000,,
755,4-036 회현역,BA060000110,환기구 정비공사,환기구,,,20200102,20241231,9260000,,
756,4-038 서울역(4),BA060000111,환기구 정비공사,환기구,,,20200102,20241231,9260000,,
757,4-040 숙대입구역,BA060000112,환기구 정비공사,환기구,,,20200102,20241231,9260000,,
758,4-042 삼각지역,BA060000113,환기구 정비공사,환기구,,,20200102,20241231,9260000,,
759,4-044 신용산역,BA060000114,환기구 정비공사,환기구,,,20200102,20241231,9260000,,
760,4-046 이촌역,BA060000115,환기구 정비공사,환기구,,,20200102,20241231,9260000,,
761,4-048 동작역,BA060000116,환기구 정비공사,환기구,,,20200102,20241231,9260000,,
762,4-051 총신대입구역,BA060000117,환기구 정비공사,환기구,,,20200102,20241231,9260000,,
763,4-053 사당역(4),BA060000118,환기구 정비공사,환기구,,,20200102,20241231,9260000,,
764,4-055 남태령역,BA060000119,환기구 정비공사,환기구,,,20200102,20241231,9260000,,
765,5102 방화역사,BA060000120,환기구 정비공사,환기구,,,20200102,20241231,9260000,,
766,5104 개화산역사,BA060000121,환기구 정비공사,환기구,,,20200102,20241231,9260000,,
767,5106 김포공항역사,BA060000122,환기구 정비공사,환기구,,,20200102,20241231,9260000,,
768,5108 송정역사,BA060000123,환기구 정비공사,환기구,,,20200102,20241231,9260000,,
769,5110 마곡역사,BA060000124,환기구 정비공사,환기구,,,20200102,20241231,9260000,,
770,5112 발산역사,BA060000125,환기구 정비공사,환기구,,,20200102,20241231,9260000,,
771,5114 우장산역사,BA060000126,환기구 정비공사,환기구,,,20200102,20241231,9260000,,
772,5116 화곡역사,BA060000127,환기구 정비공사,환기구,,,20200102,20241231,9260000,,
773,5118 까치산역사,BA060000128,환기구 정비공사,환기구,,,20200102,20241231,9260000,,
774,5120 신정역사,BA060000129,환기구 정비공사,환기구,,,20200102,20241231,9260000,,
775,5122 목동역사,BA060000130,환기구 정비공사,환기구,,,20200102,20241231,9260000,,
776,5124 오목교역사,BA060000131,환기구 정비공사,환기구,,,20200102,20241231,9260000,,
777,5126 양평역사,BA060000132,환기구 정비공사,환기구,,,20200102,20241231,9260000,,
778,5128 영등포구청역사,BA060000133,환기구 정비공사,환기구,,,20200102,20241231,9260000,,
779,5130 영등포시장역사,BA060000134,환기구 정비공사,환기구,,,20200102,20241231,9260000,,
780,5132 신길역사,BA060000135,환기구 정비공사,환기구,,,20200102,20241231,9260000,,
781,5134 여의도역사,BA060000136,환기구 정비공사,환기구,,,20200102,20241231,9260000,,
782,5136 여의나루역사,BA060000137,환기구 정비공사,환기구,,,20200102,20241231,9260000,,
783,5138 마포역사,BA060000138,환기구 정비공사,환기구,,,20200102,20241231,9260000,,
784,5140 공덕역사,BA060000139,환기구 정비공사,환기구,,,20200102,20241231,9260000,,
785,5142 애오개역사,BA060000140,환기구 정비공사,환기구,,,20200102,20241231,9260000,,
786,5144 충정로역사,BA060000141,환기구 정비공사,환기구,,,20200102,20241231,9260000,,
787,5146 서대문역사,BA060000142,환기구 정비공사,환기구,,,20200102,20241231,9260000,,
788,5148 광화문역사,BA060000143,환기구 정비공사,환기구,,,20200102,20241231,9260000,,
789,5150 종로3가역사,BA060000144,환기구 정비공사,환기구,,,20200102,20241231,9260000,,
790,5152 을지로4가역사,BA060000145,환기구 정비공사,환기구,,,20200102,20241231,9260000,,
791,5154 동대문역사문화공원역사,BA060000146,환기구 정비공사,환기구,,,20200102,20241231,9260000,,
792,5156 청구역사,BA060000147,환기구 정비공사,환기구,,,20200102,20241231,9260000,,
793,5158 신금호역사,BA060000148,환기구 정비공사,환기구,,,20200102,20241231,9260000,,
794,5160 행당역사,BA060000149,환기구 정비공사,환기구,,,20200102,20241231,9260000,,
795,5162 왕십리역사,BA060000150,환기구 정비공사,환기구,,,20200102,20241231,9260000,,
796,5164 마장역사,BA060000151,환기구 정비공사,환기구,,,20200102,20241231,9260000,,
797,5166 답십리역사,BA060000152,환기구 정비공사,환기구,,,20200102,20241231,9260000,,
798,5168 장한평역사,BA060000153,환기구 정비공사,환기구,,,20200102,20241231,9260000,,
799,5170 군자역사,BA060000154,환기구 정비공사,환기구,,,20200102,20241231,9260000,,
800,5172 아차산역사,BA060000155,환기구 정비공사,환기구,,,20200102,20241231,9260000,,
801,5174 광나루역사,BA060000156,환기구 정비공사,환기구,,,20200102,20241231,9260000,,
802,5176 천호역사,BA060000157,환기구 정비공사,환기구,,,20200102,20241231,9260000,,
803,5178 강동역사,BA060000158,환기구 정비공사,환기구,,,20200102,20241231,9260000,,
804,5180 길동역사,BA060000159,환기구 정비공사,환기구,,,20200102,20241231,9260000,,
805,5182 굽은다리역사,BA060000160,환기구 정비공사,환기구,,,20200102,20241231,9260000,,
806,5184 명일역사,BA060000161,환기구 정비공사,환기구,,,20200102,20241231,9260000,,
807,5186 고덕역사,BA060000162,환기구 정비공사,환기구,,,20200102,20241231,9260000,,
808,5188 상일동역사,BA060000163,환기구 정비공사,환기구,,,20200102,20241231,9260000,,
809,5193 둔촌동역사,BA060000164,환기구 정비공사,환기구,,,20200102,20241231,9260000,,
810,5196 올림픽공원역사,BA060000165,환기구 정비공사,환기구,,,20200102,20241231,9260000,,
811,5198 방이역사,BA060000166,환기구 정비공사,환기구,,,20200102,20241231,9260000,,
812,5200 오금역사,BA060000167,환기구 정비공사,환기구,,,20200102,20241231,9260000,,
813,5202 개롱역사,BA060000168,환기구 정비공사,환기구,,,20200102,20241231,9260000,,
814,5204 거여역사,BA060000169,환기구 정비공사,환기구,,,20200102,20241231,9260000,,
815,5206 마천역사,BA060000170,환기구 정비공사,환기구,,,20200102,20241231,9260000,,
816,6102 역촌역사,BA060000171,환기구 정비공사,환기구,,,20200102,20241231,9260000,,
817,6104 불광역사,BA060000172,환기구 정비공사,환기구,,,20200102,20241231,9260000,,
818,6106 독바위역사,BA060000173,환기구 정비공사,환기구,,,20200102,20241231,9260000,,
819,6108 연신내역사,BA060000174,환기구 정비공사,환기구,,,20200102,20241231,9260000,,
820,6110 구산역사,BA060000175,환기구 정비공사,환기구,,,20200102,20241231,9260000,,
821,6112 응암역사,BA060000176,환기구 정비공사,환기구,,,20200102,20241231,9260000,,
822,6114 새절역사,BA060000177,환기구 정비공사,환기구,,,20200102,20241231,9260000,,
823,6116 증산역사,BA060000178,환기구 정비공사,환기구,,,20200102,20241231,9260000,,
824,6118 DMC역사(디지털미디어시티역),BA060000179,환기구 정비공사,환기구,,,20200102,20241231,9260000,,
825,6120 월드컵경기장역사,BA060000180,환기구 정비공사,환기구,,,20200102,20241231,9260000,,
826,6122 마포구청역사,BA060000181,환기구 정비공사,환기구,,,20200102,20241231,9260000,,
827,6124 망원역사,BA060000182,환기구 정비공사,환기구,,,20200102,20241231,9260000,,
828,6126 합정역사,BA060000183,환기구 정비공사,환기구,,,20200102,20241231,9260000,,
829,6128 상수역사,BA060000184,환기구 정비공사,환기구,,,20200102,20241231,9260000,,
830,6130 광흥창역사,BA060000185,환기구 정비공사,환기구,,,20200102,20241231,9260000,,
831,6132 대흥역사,BA060000186,환기구 정비공사,환기구,,,20200102,20241231,9260000,,
832,6134 공덕역사,BA060000187,환기구 정비공사,환기구,,,20200102,20241231,9260000,,
833,6136 효창공원앞역사,BA060000188,환기구 정비공사,환기구,,,20200102,20241231,9260000,,
834,6138 삼각지역사,BA060000189,환기구 정비공사,환기구,,,20200102,20241231,9260000,,
835,6140 녹사평역사,BA060000190,환기구 정비공사,환기구,,,20200102,20241231,9260000,,
836,6142 이태원역사,BA060000191,환기구 정비공사,환기구,,,20200102,20241231,9260000,,
837,6144 한강진역사,BA060000192,환기구 정비공사,환기구,,,20200102,20241231,9260000,,
838,6146 버티고개역사,BA060000193,환기구 정비공사,환기구,,,20200102,20241231,9260000,,
839,6148 약수역사,BA060000194,환기구 정비공사,환기구,,,20200102,20241231,9260000,,
840,6150 청구역사,BA060000195,환기구 정비공사,환기구,,,20200102,20241231,9260000,,
841,6152 신당역사,BA060000196,환기구 정비공사,환기구,,,20200102,20241231,9260000,,
842,6154 동묘앞역사,BA060000197,환기구 정비공사,환기구,,,20200102,20241231,9260000,,
843,6156 창신역사,BA060000198,환기구 정비공사,환기구,,,20200102,20241231,9260000,,
844,6158 보문역사,BA060000199,환기구 정비공사,환기구,,,20200102,20241231,9260000,,
845,6160 안암역사,BA060000200,환기구 정비공사,환기구,,,20200102,20241231,9260000,,
846,6162 고려대역사,BA060000201,환기구 정비공사,환기구,,,20200102,20241231,9260000,,
847,6164 월곡역사,BA060000202,환기구 정비공사,환기구,,,20200102,20241231,9260000,,
848,6166 상월곡역사,BA060000203,환기구 정비공사,환기구,,,20200102,20241231,9260000,,
849,6168 돌곶이역사,BA060000204,환기구 정비공사,환기구,,,20200102,20241231,9260000,,
850,6170 석계역사,BA060000205,환기구 정비공사,환기구,,,20200102,20241231,9260000,,
851,6172 태릉입구역사,BA060000206,환기구 정비공사,환기구,,,20200102,20241231,9260000,,
852,6174 화랑대역사,BA060000207,환기구 정비공사,환기구,,,20200102,20241231,9260000,,
853,6177 봉화산역사,BA060000208,환기구 정비공사,환기구,,,20200102,20241231,9260000,,
854,7101 장암역사,BA060000209,환기구 정비공사,환기구,,,20200102,20241231,9260000,,
855,7107 도봉산역사,BA060000210,환기구 정비공사,환기구,,,20200102,20241231,9260000,,
856,7110 수락산역사,BA060000211,환기구 정비공사,환기구,,,20200102,20241231,9260000,,
857,7112 마들역사,BA060000212,환기구 정비공사,환기구,,,20200102,20241231,9260000,,
858,7114 노원역사,BA060000213,환기구 정비공사,환기구,,,20200102,20241231,9260000,,
859,7116 중계역사,BA060000214,환기구 정비공사,환기구,,,20200102,20241231,9260000,,
860,7118 하계역사,BA060000215,환기구 정비공사,환기구,,,20200102,20241231,9260000,,
861,7120 공릉역사,BA060000216,환기구 정비공사,환기구,,,20200102,20241231,9260000,,
862,7122 태릉입구역사,BA060000217,환기구 정비공사,환기구,,,20200102,20241231,9260000,,
863,7124 먹골역사,BA060000218,환기구 정비공사,환기구,,,20200102,20241231,9260000,,
864,7126 중화역사,BA060000219,환기구 정비공사,환기구,,,20200102,20241231,9260000,,
865,7128 상봉역사,BA060000220,환기구 정비공사,환기구,,,20200102,20241231,9260000,,
866,7130 면목역사,BA060000221,환기구 정비공사,환기구,,,20200102,20241231,9260000,,
867,7132 사가정역사,BA060000222,환기구 정비공사,환기구,,,20200102,20241231,9260000,,
868,7134 용마산역사,BA060000223,환기구 정비공사,환기구,,,20200102,20241231,9260000,,
869,7136 중곡역사,BA060000224,환기구 정비공사,환기구,,,20200102,20241231,9260000,,
870,7138 군자역사,BA060000225,환기구 정비공사,환기구,,,20200102,20241231,9260000,,
871,7140 어린이대공원역사,BA060000226,환기구 정비공사,환기구,,,20200102,20241231,9260000,,
872,7142 건대입구역사,BA060000227,환기구 정비공사,환기구,,,20200102,20241231,9260000,,
873,7145 뚝섬유원지역사(고가),BA060000228,환기구 정비공사,환기구,,,20200102,20241231,9260000,,
874,7148 청담역사,BA060000229,환기구 정비공사,환기구,,,20200102,20241231,9260000,,
875,7150 강남구청역사,BA060000230,환기구 정비공사,환기구,,,20200102,20241231,9260000,,
876,7152 학동역사,BA060000231,환기구 정비공사,환기구,,,20200102,20241231,9260000,,
877,7154 논현역사,BA060000232,환기구 정비공사,환기구,,,20200102,20241231,9260000,,
878,7156 반포역사,BA060000233,환기구 정비공사,환기구,,,20200102,20241231,9260000,,
879,7158 고속터미널역사,BA060000234,환기구 정비공사,환기구,,,20200102,20241231,9260000,,
880,7160 내방역사,BA060000235,환기구 정비공사,환기구,,,20200102,20241231,9260000,,
881,7162 이수역사,BA060000236,환기구 정비공사,환기구,,,20200102,20241231,9260000,,
882,7164 남성역사,BA060000237,환기구 정비공사,환기구,,,20200102,20241231,9260000,,
883,7166 숭실대입구역사,BA060000238,환기구 정비공사,환기구,,,20200102,20241231,9260000,,
884,7168 상도역사,BA060000239,환기구 정비공사,환기구,,,20200102,20241231,9260000,,
885,7170 장승배기역사,BA060000240,환기구 정비공사,환기구,,,20200102,20241231,9260000,,
886,7172 신대방삼거리역사,BA060000241,환기구 정비공사,환기구,,,20200102,20241231,9260000,,
887,7174 보라매역사,BA060000242,환기구 정비공사,환기구,,,20200102,20241231,9260000,,
888,7176 신풍역사,BA060000243,환기구 정비공사,환기구,,,20200102,20241231,9260000,,
889,7178 대림역사,BA060000244,환기구 정비공사,환기구,,,20200102,20241231,9260000,,
890,7180 남구로역사,BA060000245,환기구 정비공사,환기구,,,20200102,20241231,9260000,,
891,7182 가산디지털단지,BA060000246,환기구 정비공사,환기구,,,20200102,20241231,9260000,,
892,7184 철산역사,BA060000247,환기구 정비공사,환기구,,,20200102,20241231,9260000,,
893,7186 광명사거리역사,BA060000248,환기구 정비공사,환기구,,,20200102,20241231,9260000,,
894,7188 천왕역사,BA060000249,환기구 정비공사,환기구,,,20200102,20241231,9260000,,
895,7194 온수역사,BA060000250,환기구 정비공사,환기구,,,20200102,20241231,9260000,,
896,7197 까치울역사,BA060000251,환기구 정비공사,환기구,,,20200102,20241231,9260000,,
897,7199 부천종합운동장역사,BA060000252,환기구 정비공사,환기구,,,20200102,20241231,9260000,,
898,7201 춘의역사,BA060000253,환기구 정비공사,환기구,,,20200102,20241231,9260000,,
899,7203 신중동역사,BA060000254,환기구 정비공사,환기구,,,20200102,20241231,9260000,,
900,7205 부천시청역사,BA060000255,환기구 정비공사,환기구,,,20200102,20241231,9260000,,
901,7207 상동역사,BA060000256,환기구 정비공사,환기구,,,20200102,20241231,9260000,,
902,7209 삼산체육관역사,BA060000257,환기구 정비공사,환기구,,,20200102,20241231,9260000,,
903,7211 굴포천역사,BA060000258,환기구 정비공사,환기구,,,20200102,20241231,9260000,,
904,7213 부평구청역사,BA060000259,환기구 정비공사,환기구,,,20200102,20241231,9260000,,
905,8102 암사역사,BA060000260,환기구 정비공사,환기구,,,20200102,20241231,9260000,,
906,8104 천호역사,BA060000261,환기구 정비공사,환기구,,,20200102,20241231,9260000,,
907,8106 강동구청역사,BA060000262,환기구 정비공사,환기구,,,20200102,20241231,9260000,,
908,8108 몽촌토성역사,BA060000263,환기구 정비공사,환기구,,,20200102,20241231,9260000,,
909,8110 잠실역사,BA060000264,환기구 정비공사,환기구,,,20200102,20241231,9260000,,
910,8112 석촌역사,BA060000265,환기구 정비공사,환기구,,,20200102,20241231,9260000,,
911,8114 송파역사,BA060000266,환기구 정비공사,환기구,,,20200102,20241231,9260000,,
912,8116 가락시장역사,BA060000267,환기구 정비공사,환기구,,,20200102,20241231,9260000,,
913,8118 문정역사,BA060000268,환기구 정비공사,환기구,,,20200102,20241231,9260000,,
914,8120 장지역사,BA060000269,환기구 정비공사,환기구,,,20200102,20241231,9260000,,
915,8122 복정역사,BA060000270,환기구 정비공사,환기구,,,20200102,20241231,9260000,,
916,8126 산성역사,BA060000271,환기구 정비공사,환기구,,,20200102,20241231,9260000,,
917,8128 남한산성입구역사,BA060000272,환기구 정비공사,환기구,,,20200102,20241231,9260000,,
918,8130 단대오거리역사,BA060000273,환기구 정비공사,환기구,,,20200102,20241231,9260000,,
919,8132 신흥역사,BA060000274,환기구 정비공사,환기구,,,20200102,20241231,9260000,,
920,8134 수진역사,BA060000275,환기구 정비공사,환기구,,,20200102,20241231,9260000,,
921,8136 모란역사,BA060000276,환기구 정비공사,환기구,,,20200102,20241231,9260000,,
922,2-056 서울대입구역,BA060000038,승강편의시설 설치 출자,승강편의시설,,,20200102,20211231,1496000000,,
923,2-060 신림역,BA060000040,승강편의시설 설치 출자,승강편의시설,,,20200102,20211231,1576000000,,
924,3-005 구파발역,BA060000062,승강편의시설 설치 출자,승강편의시설,,,20200102,20211231,1496000000,,
925,3-035 옥수역,BA060000076,승강편의시설 설치 출자,승강편의시설,,,20200102,20211231,1496000000,,
926,4-014 수유역,BA060000099,승강편의시설 설치 출자,승강편의시설,,,20200102,20211231,1496000000,,
927,4-053 사당역(4),BA060000118,승강편의시설 설치 출자,승강편의시설,,,20200102,20211231,1496000000,,
928,3-037 압구정역,BA060000077,승강편의시설 설치 출자,승강편의시설,,,20200102,20211231,765000000,,
929,4-008 창동역,BA060000098,승강편의시설 설치 출자,승강편의시설,,,20200102,20211231,765000000,,
930,2-015 왕십리역,BA060000018,승강편의시설 설치 출자,승강편의시설,,,20200102,20201231,80000000,,
931,3-049 양재역,BA060000083,승강편의시설 설치 출자,승강편의시설,,,20200102,20201231,80000000,,
932,4-006 노원역,BA060000096,승강편의시설 설치 출자,승강편의시설,,,20200102,20201231,80000000,,
933,4-022 성신여대입구역,BA060000103,승강편의시설 설치 출자,승강편의시설,,,20200102,20221231,430000000,,
934,4-002 당고개역,BA060000094,승강편의시설 설치 출자,승강편의시설,,,20200102,20211231,1667000000,,
935,4-004 상계역,BA060000095,승강편의시설 설치 출자,승강편의시설,,,20200102,20211231,1667000000,,
936,4-012 쌍문역,BA060000097,승강편의시설 설치 출자,승강편의시설,,,20200102,20211231,1666000000,,
937,3-013 홍제역,BA060000066,승강편의시설 설치 출자,승강편의시설,,,20200102,20201231,150000000,,
938,3-041 잠원역,BA060000079,승강편의시설 설치 출자,승강편의시설,,,20200102,20201231,150000000,,
939,7182 가산디지털단지,BA060000246,역사 출입구 및 캐노피 개선,승강편의시설,,,20200102,20211231,4636000000,,
940,5102 방화역사,BA060000120,5~8호선 환기구 정비 공사,환기구,,,20200102,20241231,4490000,,
941,5104 개화산역사,BA060000121,5~8호선 환기구 정비 공사,환기구,,,20200102,20241231,4490000,,
942,5106 김포공항역사,BA060000122,5~8호선 환기구 정비 공사,환기구,,,20200102,20241231,4490000,,
943,5108 송정역사,BA060000123,5~8호선 환기구 정비 공사,환기구,,,20200102,20241231,4490000,,
944,5110 마곡역사,BA060000124,5~8호선 환기구 정비 공사,환기구,,,20200102,20241231,4490000,,
945,5112 발산역사,BA060000125,5~8호선 환기구 정비 공사,환기구,,,20200102,20241231,4490000,,
946,5114 우장산역사,BA060000126,5~8호선 환기구 정비 공사,환기구,,,20200102,20241231,4490000,,
947,5116 화곡역사,BA060000127,5~8호선 환기구 정비 공사,환기구,,,20200102,20241231,4460000,,
948,5118 까치산역사,BA060000128,5~8호선 환기구 정비 공사,환기구,,,20200102,20241231,4390000,,
949,5120 신정역사,BA060000129,5~8호선 환기구 정비 공사,환기구,,,20200102,20241231,4390000,,
950,5122 목동역사,BA060000130,5~8호선 환기구 정비 공사,환기구,,,20200102,20241231,4390000,,
951,5124 오목교역사,BA060000131,5~8호선 환기구 정비 공사,환기구,,,20200102,20241231,4390000,,
952,5126 양평역사,BA060000132,5~8호선 환기구 정비 공사,환기구,,,20200102,20241231,4390000,,
953,5128 영등포구청역사,BA060000133,5~8호선 환기구 정비 공사,환기구,,,20200102,20241231,4390000,,
954,5130 영등포시장역사,BA060000134,5~8호선 환기구 정비 공사,환기구,,,20200102,20241231,4390000,,
955,5132 신길역사,BA060000135,5~8호선 환기구 정비 공사,환기구,,,20200102,20241231,4390000,,
956,5134 여의도역사,BA060000136,5~8호선 환기구 정비 공사,환기구,,,20200102,20241231,4390000,,
957,5136 여의나루역사,BA060000137,5~8호선 환기구 정비 공사,환기구,,,20200102,20241231,4390000,,
958,5138 마포역사,BA060000138,5~8호선 환기구 정비 공사,환기구,,,20200102,20241231,4390000,,
959,5140 공덕역사,BA060000139,5~8호선 환기구 정비 공사,환기구,,,20200102,20241231,4390000,,
960,5142 애오개역사,BA060000140,5~8호선 환기구 정비 공사,환기구,,,20200102,20241231,4390000,,
961,5144 충정로역사,BA060000141,5~8호선 환기구 정비 공사,환기구,,,20200102,20241231,4390000,,
962,5146 서대문역사,BA060000142,5~8호선 환기구 정비 공사,환기구,,,20200102,20241231,4390000,,
963,5148 광화문역사,BA060000143,5~8호선 환기구 정비 공사,환기구,,,20200102,20241231,4390000,,
964,5150 종로3가역사,BA060000144,5~8호선 환기구 정비 공사,환기구,,,20200102,20241231,4390000,,
965,5152 을지로4가역사,BA060000145,5~8호선 환기구 정비 공사,환기구,,,20200102,20241231,4390000,,
966,5154 동대문역사문화공원역사,BA060000146,5~8호선 환기구 정비 공사,환기구,,,20200102,20241231,4390000,,
967,5156 청구역사,BA060000147,5~8호선 환기구 정비 공사,환기구,,,20200102,20241231,4390000,,
968,5158 신금호역사,BA060000148,5~8호선 환기구 정비 공사,환기구,,,20200102,20241231,4390000,,
969,5160 행당역사,BA060000149,5~8호선 환기구 정비 공사,환기구,,,20200102,20241231,4390000,,
970,5162 왕십리역사,BA060000150,5~8호선 환기구 정비 공사,환기구,,,20200102,20241231,4390000,,
971,5164 마장역사,BA060000151,5~8호선 환기구 정비 공사,환기구,,,20200102,20241231,4390000,,
972,5166 답십리역사,BA060000152,5~8호선 환기구 정비 공사,환기구,,,20200102,20241231,4390000,,
973,5168 장한평역사,BA060000153,5~8호선 환기구 정비 공사,환기구,,,20200102,20241231,4390000,,
974,5170 군자역사,BA060000154,5~8호선 환기구 정비 공사,환기구,,,20200102,20241231,4390000,,
975,5172 아차산역사,BA060000155,5~8호선 환기구 정비 공사,환기구,,,20200102,20241231,4390000,,
976,5174 광나루역사,BA060000156,5~8호선 환기구 정비 공사,환기구,,,20200102,20241231,4390000,,
977,5176 천호역사,BA060000157,5~8호선 환기구 정비 공사,환기구,,,20200102,20241231,4390000,,
978,5178 강동역사,BA060000158,5~8호선 환기구 정비 공사,환기구,,,20200102,20241231,4390000,,
979,5180 길동역사,BA060000159,5~8호선 환기구 정비 공사,환기구,,,20200102,20241231,4390000,,
980,5182 굽은다리역사,BA060000160,5~8호선 환기구 정비 공사,환기구,,,20200102,20241231,4390000,,
981,5184 명일역사,BA060000161,5~8호선 환기구 정비 공사,환기구,,,20200102,20241231,4390000,,
982,5186 고덕역사,BA060000162,5~8호선 환기구 정비 공사,환기구,,,20200102,20241231,4390000,,
983,5188 상일동역사,BA060000163,5~8호선 환기구 정비 공사,환기구,,,20200102,20241231,4390000,,
984,5193 둔촌동역사,BA060000164,5~8호선 환기구 정비 공사,환기구,,,20200102,20241231,4390000,,
985,5196 올림픽공원역사,BA060000165,5~8호선 환기구 정비 공사,환기구,,,20200102,20241231,4390000,,
986,5198 방이역사,BA060000166,5~8호선 환기구 정비 공사,환기구,,,20200102,20241231,4390000,,
987,5200 오금역사,BA060000167,5~8호선 환기구 정비 공사,환기구,,,20200102,20241231,4390000,,
988,5202 개롱역사,BA060000168,5~8호선 환기구 정비 공사,환기구,,,20200102,20241231,4390000,,
989,5204 거여역사,BA060000169,5~8호선 환기구 정비 공사,환기구,,,20200102,20241231,4390000,,
990,5206 마천역사,BA060000170,5~8호선 환기구 정비 공사,환기구,,,20200102,20241231,4390000,,
991,6102 역촌역사,BA060000171,5~8호선 환기구 정비 공사,환기구,,,20200102,20241231,4390000,,
992,6104 불광역사,BA060000172,5~8호선 환기구 정비 공사,환기구,,,20200102,20241231,4390000,,
993,6106 독바위역사,BA060000173,5~8호선 환기구 정비 공사,환기구,,,20200102,20241231,4390000,,
994,6108 연신내역사,BA060000174,5~8호선 환기구 정비 공사,환기구,,,20200102,20241231,4390000,,
995,6110 구산역사,BA060000175,5~8호선 환기구 정비 공사,환기구,,,20200102,20241231,4390000,,
996,6112 응암역사,BA060000176,5~8호선 환기구 정비 공사,환기구,,,20200102,20241231,4390000,,
997,6114 새절역사,BA060000177,5~8호선 환기구 정비 공사,환기구,,,20200102,20241231,4390000,,
998,6116 증산역사,BA060000178,5~8호선 환기구 정비 공사,환기구,,,20200102,20241231,4390000,,
999,6118 DMC역사(디지털미디어시티역),BA060000179,5~8호선 환기구 정비 공사,환기구,,,20200102,20241231,4390000,,
1000,6120 월드컵경기장역사,BA060000180,5~8호선 환기구 정비 공사,환기구,,,20200102,20241231,4390000,,
1001,6122 마포구청역사,BA060000181,5~8호선 환기구 정비 공사,환기구,,,20200102,20241231,4390000,,
1002,6124 망원역사,BA060000182,5~8호선 환기구 정비 공사,환기구,,,20200102,20241231,4390000,,
1003,6126 합정역사,BA060000183,5~8호선 환기구 정비 공사,환기구,,,20200102,20241231,4390000,,
1004,6128 상수역사,BA060000184,5~8호선 환기구 정비 공사,환기구,,,20200102,20241231,4390000,,
1005,6130 광흥창역사,BA060000185,5~8호선 환기구 정비 공사,환기구,,,20200102,20241231,4390000,,
1006,6132 대흥역사,BA060000186,5~8호선 환기구 정비 공사,환기구,,,20200102,20241231,4390000,,
1007,6134 공덕역사,BA060000187,5~8호선 환기구 정비 공사,환기구,,,20200102,20241231,4390000,,
1008,6136 효창공원앞역사,BA060000188,5~8호선 환기구 정비 공사,환기구,,,20200102,20241231,4390000,,
1009,6138 삼각지역사,BA060000189,5~8호선 환기구 정비 공사,환기구,,,20200102,20241231,4390000,,
1010,6140 녹사평역사,BA060000190,5~8호선 환기구 정비 공사,환기구,,,20200102,20241231,4390000,,
1011,6142 이태원역사,BA060000191,5~8호선 환기구 정비 공사,환기구,,,20200102,20241231,4390000,,
1012,6144 한강진역사,BA060000192,5~8호선 환기구 정비 공사,환기구,,,20200102,20241231,4390000,,
1013,6146 버티고개역사,BA060000193,5~8호선 환기구 정비 공사,환기구,,,20200102,20241231,4390000,,
1014,6148 약수역사,BA060000194,5~8호선 환기구 정비 공사,환기구,,,20200102,20241231,4390000,,
1015,6150 청구역사,BA060000195,5~8호선 환기구 정비 공사,환기구,,,20200102,20241231,4390000,,
1016,6152 신당역사,BA060000196,5~8호선 환기구 정비 공사,환기구,,,20200102,20241231,4390000,,
1017,6154 동묘앞역사,BA060000197,5~8호선 환기구 정비 공사,환기구,,,20200102,20241231,4390000,,
1018,6156 창신역사,BA060000198,5~8호선 환기구 정비 공사,환기구,,,20200102,20241231,4390000,,
1019,6158 보문역사,BA060000199,5~8호선 환기구 정비 공사,환기구,,,20200102,20241231,4390000,,
1020,6160 안암역사,BA060000200,5~8호선 환기구 정비 공사,환기구,,,20200102,20241231,4390000,,
1021,6162 고려대역사,BA060000201,5~8호선 환기구 정비 공사,환기구,,,20200102,20241231,4390000,,
1022,6164 월곡역사,BA060000202,5~8호선 환기구 정비 공사,환기구,,,20200102,20241231,4390000,,
1023,6166 상월곡역사,BA060000203,5~8호선 환기구 정비 공사,환기구,,,20200102,20241231,4390000,,
1024,6168 돌곶이역사,BA060000204,5~8호선 환기구 정비 공사,환기구,,,20200102,20241231,4390000,,
1025,6170 석계역사,BA060000205,5~8호선 환기구 정비 공사,환기구,,,20200102,20241231,4390000,,
1026,6172 태릉입구역사,BA060000206,5~8호선 환기구 정비 공사,환기구,,,20200102,20241231,4390000,,
1027,6174 화랑대역사,BA060000207,5~8호선 환기구 정비 공사,환기구,,,20200102,20241231,4390000,,
1028,6177 봉화산역사,BA060000208,5~8호선 환기구 정비 공사,환기구,,,20200102,20241231,4390000,,
1029,7101 장암역사,BA060000209,5~8호선 환기구 정비 공사,환기구,,,20200102,20241231,4390000,,
1030,7107 도봉산역사,BA060000210,5~8호선 환기구 정비 공사,환기구,,,20200102,20241231,4390000,,
1031,7110 수락산역사,BA060000211,5~8호선 환기구 정비 공사,환기구,,,20200102,20241231,4390000,,
1032,7112 마들역사,BA060000212,5~8호선 환기구 정비 공사,환기구,,,20200102,20241231,4390000,,
1033,7114 노원역사,BA060000213,5~8호선 환기구 정비 공사,환기구,,,20200102,20241231,4390000,,
1034,7116 중계역사,BA060000214,5~8호선 환기구 정비 공사,환기구,,,20200102,20241231,4390000,,
1035,7118 하계역사,BA060000215,5~8호선 환기구 정비 공사,환기구,,,20200102,20241231,4390000,,
1036,7120 공릉역사,BA060000216,5~8호선 환기구 정비 공사,환기구,,,20200102,20241231,4390000,,
1037,7122 태릉입구역사,BA060000217,5~8호선 환기구 정비 공사,환기구,,,20200102,20241231,4390000,,
1038,7124 먹골역사,BA060000218,5~8호선 환기구 정비 공사,환기구,,,20200102,20241231,4390000,,
1039,7126 중화역사,BA060000219,5~8호선 환기구 정비 공사,환기구,,,20200102,20241231,4390000,,
1040,7128 상봉역사,BA060000220,5~8호선 환기구 정비 공사,환기구,,,20200102,20241231,4390000,,
1041,7130 면목역사,BA060000221,5~8호선 환기구 정비 공사,환기구,,,20200102,20241231,4390000,,
1042,7132 사가정역사,BA060000222,5~8호선 환기구 정비 공사,환기구,,,20200102,20241231,4390000,,
1043,7134 용마산역사,BA060000223,5~8호선 환기구 정비 공사,환기구,,,20200102,20241231,4390000,,
1044,7136 중곡역사,BA060000224,5~8호선 환기구 정비 공사,환기구,,,20200102,20241231,4390000,,
1045,7138 군자역사,BA060000225,5~8호선 환기구 정비 공사,환기구,,,20200102,20241231,4390000,,
1046,7140 어린이대공원역사,BA060000226,5~8호선 환기구 정비 공사,환기구,,,20200102,20241231,4390000,,
1047,7142 건대입구역사,BA060000227,5~8호선 환기구 정비 공사,환기구,,,20200102,20241231,4390000,,
1048,7145 뚝섬유원지역사(고가),BA060000228,5~8호선 환기구 정비 공사,환기구,,,20200102,20241231,4390000,,
1049,7148 청담역사,BA060000229,5~8호선 환기구 정비 공사,환기구,,,20200102,20241231,4390000,,
1050,7150 강남구청역사,BA060000230,5~8호선 환기구 정비 공사,환기구,,,20200102,20241231,4390000,,
1051,7152 학동역사,BA060000231,5~8호선 환기구 정비 공사,환기구,,,20200102,20241231,4390000,,
1052,7154 논현역사,BA060000232,5~8호선 환기구 정비 공사,환기구,,,20200102,20241231,4390000,,
1053,7156 반포역사,BA060000233,5~8호선 환기구 정비 공사,환기구,,,20200102,20241231,4390000,,
1054,7158 고속터미널역사,BA060000234,5~8호선 환기구 정비 공사,환기구,,,20200102,20241231,4390000,,
1055,7160 내방역사,BA060000235,5~8호선 환기구 정비 공사,환기구,,,20200102,20241231,4390000,,
1056,7162 이수역사,BA060000236,5~8호선 환기구 정비 공사,환기구,,,20200102,20241231,4390000,,
1057,7164 남성역사,BA060000237,5~8호선 환기구 정비 공사,환기구,,,20200102,20241231,4390000,,
1058,7166 숭실대입구역사,BA060000238,5~8호선 환기구 정비 공사,환기구,,,20200102,20241231,4390000,,
1059,7168 상도역사,BA060000239,5~8호선 환기구 정비 공사,환기구,,,20200102,20241231,4390000,,
1060,7170 장승배기역사,BA060000240,5~8호선 환기구 정비 공사,환기구,,,20200102,20241231,4390000,,
1061,7172 신대방삼거리역사,BA060000241,5~8호선 환기구 정비 공사,환기구,,,20200102,20241231,4390000,,
1062,7174 보라매역사,BA060000242,5~8호선 환기구 정비 공사,환기구,,,20200102,20241231,4390000,,
1063,7176 신풍역사,BA060000243,5~8호선 환기구 정비 공사,환기구,,,20200102,20241231,4390000,,
1064,7178 대림역사,BA060000244,5~8호선 환기구 정비 공사,환기구,,,20200102,20241231,4390000,,
1065,7180 남구로역사,BA060000245,5~8호선 환기구 정비 공사,환기구,,,20200102,20241231,4390000,,
1066,7182 가산디지털단지,BA060000246,5~8호선 환기구 정비 공사,환기구,,,20200102,20241231,4390000,,
1067,7184 철산역사,BA060000247,5~8호선 환기구 정비 공사,환기구,,,20200102,20241231,4390000,,
1068,7186 광명사거리역사,BA060000248,5~8호선 환기구 정비 공사,환기구,,,20200102,20241231,4390000,,
1069,7188 천왕역사,BA060000249,5~8호선 환기구 정비 공사,환기구,,,20200102,20241231,4390000,,
1070,7194 온수역사,BA060000250,5~8호선 환기구 정비 공사,환기구,,,20200102,20241231,4390000,,
1071,7197 까치울역사,BA060000251,5~8호선 환기구 정비 공사,환기구,,,20200102,20241231,4390000,,
1072,7199 부천종합운동장역사,BA060000252,5~8호선 환기구 정비 공사,환기구,,,20200102,20241231,4390000,,
1073,7201 춘의역사,BA060000253,5~8호선 환기구 정비 공사,환기구,,,20200102,20241231,4390000,,
1074,7203 신중동역사,BA060000254,5~8호선 환기구 정비 공사,환기구,,,20200102,20241231,4390000,,
1075,7205 부천시청역사,BA060000255,5~8호선 환기구 정비 공사,환기구,,,20200102,20241231,4390000,,
1076,7207 상동역사,BA060000256,5~8호선 환기구 정비 공사,환기구,,,20200102,20241231,4390000,,
1077,7209 삼산체육관역사,BA060000257,5~8호선 환기구 정비 공사,환기구,,,20200102,20241231,4390000,,
1078,7211 굴포천역사,BA060000258,5~8호선 환기구 정비 공사,환기구,,,20200102,20241231,4390000,,
1079,7213 부평구청역사,BA060000259,5~8호선 환기구 정비 공사,환기구,,,20200102,20241231,4390000,,
1080,8102 암사역사,BA060000260,5~8호선 환기구 정비 공사,환기구,,,20200102,20241231,4390000,,
1081,8104 천호역사,BA060000261,5~8호선 환기구 정비 공사,환기구,,,20200102,20241231,4390000,,
1082,8106 강동구청역사,BA060000262,5~8호선 환기구 정비 공사,환기구,,,20200102,20241231,4390000,,
1083,8108 몽촌토성역사,BA060000263,5~8호선 환기구 정비 공사,환기구,,,20200102,20241231,4390000,,
1084,8110 잠실역사,BA060000264,5~8호선 환기구 정비 공사,환기구,,,20200102,20241231,4390000,,
1085,8112 석촌역사,BA060000265,5~8호선 환기구 정비 공사,환기구,,,20200102,20241231,4390000,,
1086,8114 송파역사,BA060000266,5~8호선 환기구 정비 공사,환기구,,,20200102,20241231,4390000,,
1087,8116 가락시장역사,BA060000267,5~8호선 환기구 정비 공사,환기구,,,20200102,20241231,4390000,,
1088,8118 문정역사,BA060000268,5~8호선 환기구 정비 공사,환기구,,,20200102,20241231,4390000,,
1089,8120 장지역사,BA060000269,5~8호선 환기구 정비 공사,환기구,,,20200102,20241231,4390000,,
1090,8122 복정역사,BA060000270,5~8호선 환기구 정비 공사,환기구,,,20200102,20241231,4390000,,
1091,8126 산성역사,BA060000271,5~8호선 환기구 정비 공사,환기구,,,20200102,20241231,4390000,,
1092,8128 남한산성입구역사,BA060000272,5~8호선 환기구 정비 공사,환기구,,,20200102,20241231,4390000,,
1093,8130 단대오거리역사,BA060000273,5~8호선 환기구 정비 공사,환기구,,,20200102,20241231,4390000,,
1094,8132 신흥역사,BA060000274,5~8호선 환기구 정비 공사,환기구,,,20200102,20241231,4390000,,
1095,8134 수진역사,BA060000275,5~8호선 환기구 정비 공사,환기구,,,20200102,20241231,4390000,,
1096,8136 모란역사,BA060000276,5~8호선 환기구 정비 공사,환기구,,,20200102,20241231,4390000,,
1097,7110 수락산역사,BA060000211,승강편의시설 설치 출자,승강편의시설,,,20200102,20201231,885000000,,
1098,7122 태릉입구역사,BA060000217,승강편의시설 설치 출자,승강편의시설,,,20200102,20201231,885000000,,
1099,7138 군자역사,BA060000225,승강편의시설 설치 출자,승강편의시설,,,20200102,20211231,3888800000,,
1100,5206 마천역사,BA060000170,승강편의시설 설치 출자,승강편의시설,,,20200102,20201231,1083200000,,
1101,7124 먹골역사,BA060000218,승강편의시설 설치 출자,승강편의시설,,,20200102,20201231,1624800000,,
1102,5118 까치산역사,BA060000128,승강편의시설 설치 출자,승강편의시설,,,20200102,20201231,725000000,,
1103,6110 구산역사,BA060000175,승강편의시설 설치 출자,승강편의시설,,,20200102,20201231,1450000000,,
1104,5112 발산역사,BA060000125,승강편의시설 설치 출자,승강편의시설,,,20200102,20201231,2175000000,,
1105,7114 노원역사,BA060000213,승강편의시설 설치 출자,승강편의시설,,,20200102,20211231,1138000000,,
1106,7116 중계역사,BA060000214,승강편의시설 설치 출자,승강편의시설,,,20200102,20211231,2264000000,,
1107,7170 장승배기역사,BA060000240,승강편의시설 설치 출자,승강편의시설,,,20200102,20211231,2264000000,,
